Frame Nr,Timestamp,People crossed on green,Vehicles crossed on green,People crossed on red,Vehicles crossed on red,Traffic light color
1,40.0,0,0,0,0,Red
2,80.0,0,0,0,0,Red
3,120.0,0,0,0,0,Red
4,160.0,0,0,0,0,Red
5,200.00099999999998,0,0,0,0,Red
6,240.0,0,0,0,0,Red
7,279.99999999999994,0,0,0,0,Red
8,320.0,0,0,0,0,Red
9,360.0,0,0,0,0,Red
10,399.99999999999994,0,0,0,0,Red
11,440.0,0,0,0,0,Red
12,480.0,0,0,0,0,Red
13,520.0,0,0,0,0,Red
14,559.9999999999999,0,0,0,0,Red
15,600.0,0,0,0,0,Red
16,640.0,0,0,0,0,Red
17,679.9999999999999,0,0,0,0,Red
18,720.0,0,0,0,0,Red
19,760.0,0,0,0,0,Red
20,799.9999999999999,0,0,0,0,Red
21,840.0,0,0,0,0,Red
22,880.0,0,0,0,0,Red
23,919.9999999999999,0,0,0,0,Red
24,960.0,0,0,0,0,Red
25,1000.0,0,0,0,0,Red
26,1040.0,0,0,0,0,Red
27,1079.9999999999998,0,0,0,0,Red
28,1119.9999999999998,0,0,0,0,Red
29,1160.0,0,0,0,0,Red
30,1200.0,0,0,0,0,Red
31,1240.0,0,0,0,0,Red
32,1280.0,0,0,0,0,Red
33,1319.9999999999998,0,0,0,0,Red
34,1359.9999999999998,0,0,0,0,Red
35,1400.0,0,0,0,0,Red
36,1440.0,0,0,0,0,Red
37,1480.0,0,0,0,0,Green
38,1520.0,0,0,0,0,Red
39,1559.9999999999998,0,0,0,0,Red
40,1599.9999999999998,0,0,0,0,Red
41,1640.0,0,0,0,0,Red
42,1680.0,0,0,0,0,Red
43,1720.0,0,0,0,0,Red
44,1760.0,0,0,0,0,Red
45,1799.9999999999998,0,0,0,0,Red
46,1839.9999999999998,0,0,0,0,Red
47,1880.0,0,0,0,0,Red
48,1920.0,0,0,0,0,Red
49,1960.0,0,0,0,0,Red
50,2000.0,0,0,0,0,Red
51,2040.0,0,0,0,0,Red
52,2080.0,0,0,0,0,Red
53,2120.0,0,0,0,0,Red
54,2159.9999999999995,0,0,0,0,Red
55,2199.9999999999995,0,0,0,0,Red
56,2239.9999999999995,0,0,0,0,Red
57,2280.0,0,0,0,0,Red
58,2320.0,0,0,0,0,Red
59,2360.0,0,0,0,0,Red
60,2400.0,0,0,0,0,Red
61,2440.0,0,0,0,0,Red
62,2480.0,0,0,0,0,Red
63,2520.0,0,0,0,0,Red
64,2560.0,0,0,0,0,Red
65,2600.0,0,0,0,0,Red
66,2639.9999999999995,0,0,0,0,Red
67,2679.9999999999995,0,0,0,0,Red
68,2719.9999999999995,0,0,0,0,Red
69,2760.0,0,0,0,0,Red
70,2800.0,0,0,0,0,Red
71,2840.0,0,0,0,0,Red
72,2880.0,0,0,0,0,Red
73,2920.0,0,0,0,0,Red
74,2960.0,0,0,0,0,Red
75,3000.0,0,0,0,0,Red
76,3040.0,0,0,0,0,Red
77,3080.0,0,0,0,0,Red
78,3119.9999999999995,0,0,0,0,Red
79,3159.9999999999995,0,0,0,0,Red
80,3199.9999999999995,0,0,0,0,Red
81,3239.9999999999995,0,0,0,0,Red
82,3280.0,0,0,0,0,Red
83,3320.0,0,0,0,0,Red
84,3360.0,0,0,0,0,Red
85,3400.0,0,0,0,0,Red
86,3440.0,0,0,0,0,Red
87,3480.0,0,0,0,0,Red
88,3520.0,0,0,0,0,Red
89,3560.0,0,0,0,0,Red
90,3599.9999999999995,0,0,0,0,Red
91,3639.9999999999995,0,0,0,0,Red
92,3679.9999999999995,0,0,0,0,Red
93,3719.9999999999995,0,0,0,0,Red
94,3760.0,0,0,0,0,Red
95,3800.0,0,0,0,0,Red
96,3840.0,0,0,0,0,Red
97,3880.0,0,0,0,0,Red
98,3920.0,0,0,0,0,Red
99,3960.0,0,0,0,0,Red
100,4000.0,0,0,0,0,Red
101,4040.0,0,0,0,0,Red
102,4080.0,0,0,0,0,Red
103,4120.0,0,0,0,0,Red
104,4160.0,0,0,0,0,Red
105,4200.0,0,0,0,0,Red
106,4240.0,0,0,0,0,Red
107,4280.0,0,0,0,0,Green
108,4319.999999999999,0,0,0,0,Green
109,4359.999999999999,0,0,0,0,Green
110,4399.999999999999,0,0,0,0,Red
111,4439.999999999999,0,0,0,0,Red
112,4479.999999999999,0,0,0,0,Red
113,4520.0,0,0,0,0,Red
114,4560.0,0,0,0,0,Red
115,4600.0,0,0,0,0,Red
116,4640.0,0,0,0,0,Red
117,4680.0,0,0,0,0,Red
118,4720.0,0,0,0,0,Green
119,4760.0,0,0,0,0,Green
120,4800.0,0,0,0,0,Red
121,4840.0,0,0,0,0,Red
122,4880.0,0,0,0,0,Red
123,4920.0,0,0,0,0,Red
124,4960.0,0,0,0,0,Red
125,5000.0,0,0,0,0,Unknown
126,5040.0,0,0,0,0,Unknown
127,5080.0,0,0,0,0,Unknown
128,5120.0,0,0,0,0,Unknown
129,5160.0,0,0,0,0,Unknown
130,5200.0,0,0,0,0,Unknown
131,5239.999999999999,0,0,0,0,Red
132,5279.999999999999,0,0,0,0,Red
133,5319.999999999999,0,0,0,0,Red
134,5359.999999999999,0,0,0,0,Red
135,5399.999999999999,0,0,0,0,Red
136,5439.999999999999,0,0,0,0,Red
137,5479.999999999999,0,0,0,0,Red
138,5520.0,0,1,0,0,Red
139,5560.0,0,1,0,0,Red
140,5600.0,0,1,0,0,Red
141,5640.0,0,1,0,0,Red
142,5680.0,0,1,0,0,Red
143,5720.0,0,1,0,0,Red
144,5760.0,0,1,0,0,Red
145,5800.0,0,1,0,0,Red
146,5840.0,0,1,0,0,Red
147,5880.0,0,1,0,0,Red
148,5920.0,0,1,0,0,Red
149,5960.0,0,1,0,0,Red
150,6000.0,0,1,0,0,Red
151,6040.0,0,1,0,0,Red
152,6080.0,0,1,0,0,Red
153,6120.0,0,1,0,0,Red
154,6160.0,0,1,0,0,Red
155,6199.999999999999,0,1,0,0,Red
156,6239.999999999999,0,1,0,0,Red
157,6279.999999999999,0,1,0,0,Red
158,6319.999999999999,0,1,0,0,Red
159,6359.999999999999,0,1,0,0,Red
160,6399.999999999999,0,1,0,0,Red
161,6439.999999999999,0,1,0,0,Red
162,6479.999999999999,0,1,0,0,Red
163,6520.0,0,1,0,0,Red
164,6560.0,0,1,0,0,Red
165,6600.0,0,1,0,0,Red
166,6640.0,0,1,0,0,Red
167,6680.0,0,1,0,0,Red
168,6720.0,0,1,0,0,Red
169,6760.0,0,1,0,0,Red
170,6800.0,0,1,0,0,Red
171,6840.0,0,1,0,0,Red
172,6880.0,0,1,0,0,Red
173,6920.0,0,1,0,0,Red
174,6960.0,0,1,0,0,Red
175,7000.0,0,1,0,0,Red
176,7040.0,0,1,0,0,Red
177,7080.0,0,1,0,0,Red
178,7120.0,0,1,0,0,Red
179,7159.999999999999,0,1,0,0,Red
180,7199.999999999999,0,1,0,0,Red
181,7239.999999999999,0,1,0,0,Red
182,7279.999999999999,0,1,0,0,Red
183,7319.999999999999,0,1,0,0,Red
184,7359.999999999999,0,1,0,0,Red
185,7399.999999999999,0,1,0,0,Red
186,7439.999999999999,0,1,0,0,Red
187,7479.999999999999,0,1,0,0,Red
188,7520.0,0,1,0,0,Red
189,7560.0,0,1,0,0,Red
190,7600.0,0,1,0,0,Red
191,7640.0,0,1,0,0,Red
192,7680.0,0,1,0,0,Red
193,7720.0,0,1,0,0,Red
194,7760.0,0,1,0,0,Red
195,7800.0,0,1,0,0,Red
196,7840.0,0,1,0,0,Red
197,7880.0,0,1,0,0,Red
198,7920.0,0,1,0,0,Red
199,7960.0,0,1,0,0,Red
200,8000.0,0,1,0,0,Red
201,8039.999999999999,0,1,0,0,Red
202,8080.0,0,1,0,0,Red
203,8119.999999999999,0,1,0,0,Red
204,8160.0,0,1,0,0,Red
205,8200.0,0,1,0,0,Red
206,8240.0,0,1,0,0,Red
207,8280.0,0,1,0,0,Red
208,8320.0,0,1,0,0,Red
209,8360.0,0,1,0,0,Red
210,8400.0,0,1,0,0,Red
211,8440.0,0,1,0,0,Red
212,8480.0,0,1,0,0,Red
213,8520.0,0,1,0,0,Red
214,8560.0,0,1,0,0,Red
215,8600.0,0,1,0,0,Red
216,8639.999999999998,0,1,0,0,Red
217,8680.0,0,1,0,0,Red
218,8719.999999999998,0,1,0,0,Red
219,8760.0,0,1,0,0,Red
220,8799.999999999998,0,1,0,0,Red
221,8840.0,0,1,0,0,Red
222,8879.999999999998,0,1,0,0,Red
223,8920.0,0,1,0,0,Red
224,8959.999999999998,0,1,0,0,Red
225,9000.0,0,1,0,0,Red
226,9040.0,0,1,0,0,Red
227,9080.0,0,1,0,0,Red
228,9120.0,0,1,0,0,Red
229,9160.0,0,1,0,0,Red
230,9200.0,0,1,0,0,Red
231,9240.0,0,1,0,0,Red
232,9280.0,0,1,0,0,Red
233,9320.0,0,1,0,0,Red
234,9360.0,0,1,0,0,Red
235,9400.0,0,1,0,0,Red
236,9440.0,0,1,0,0,Red
237,9480.0,0,1,0,0,Red
238,9520.0,0,1,0,0,Red
239,9559.999999999998,0,1,0,0,Red
240,9600.0,0,1,0,0,Red
241,9639.999999999998,0,1,0,0,Red
242,9680.0,0,1,0,0,Red
243,9719.999999999998,0,1,0,0,Red
244,9760.0,0,1,0,0,Red
245,9799.999999999998,0,1,0,0,Red
246,9840.0,0,1,0,0,Red
247,9879.999999999998,0,1,0,0,Red
248,9920.0,0,1,0,0,Red
249,9959.999999999998,0,1,0,0,Red
250,10000.0,0,1,0,0,Red
251,10040.0,0,1,0,0,Red
252,10080.0,0,1,0,0,Red
253,10120.0,0,1,0,0,Red
254,10160.0,0,1,0,0,Red
255,10200.0,0,1,0,0,Red
256,10240.0,0,1,0,0,Red
257,10280.0,0,1,0,0,Red
258,10320.0,0,1,0,0,Red
259,10360.0,0,1,0,0,Red
260,10400.0,0,1,0,0,Red
261,10440.0,0,1,0,0,Red
262,10479.999999999998,0,1,0,0,Red
263,10520.0,0,1,0,0,Red
264,10559.999999999998,0,1,0,0,Red
265,10600.0,0,1,0,0,Red
266,10639.999999999998,0,1,0,0,Red
267,10680.0,0,1,0,0,Red
268,10719.999999999998,0,1,0,0,Red
269,10760.0,0,1,0,0,Red
270,10799.999999999998,0,1,0,0,Red
271,10840.0,0,1,0,0,Red
272,10879.999999999998,0,2,0,0,Red
273,10920.0,0,2,0,0,Red
274,10959.999999999998,0,2,0,0,Red
275,11000.0,0,2,0,0,Red
276,11040.0,0,2,0,0,Red
277,11080.0,0,2,0,0,Red
278,11120.0,0,2,0,0,Red
279,11160.0,0,2,0,0,Red
280,11200.0,0,2,0,0,Red
281,11240.0,0,2,0,0,Red
282,11280.0,0,2,0,0,Red
283,11320.0,0,2,0,0,Red
284,11360.0,0,2,0,0,Red
285,11400.0,0,2,0,0,Red
286,11440.0,0,2,0,0,Red
287,11479.999999999998,0,2,0,0,Red
288,11520.0,0,2,0,0,Red
289,11559.999999999998,0,2,0,0,Red
290,11600.0,0,2,0,0,Red
291,11639.999999999998,0,2,0,0,Red
292,11680.0,0,2,0,0,Red
293,11719.999999999998,0,2,0,0,Red
294,11760.0,0,2,0,0,Red
295,11799.999999999998,0,2,0,0,Red
296,11840.0,0,2,0,0,Red
297,11879.999999999998,0,2,0,0,Red
298,11920.0,0,2,0,0,Red
299,11959.999999999998,0,2,0,0,Red
300,12000.0,0,2,0,0,Red
301,12040.0,0,2,0,0,Unknown
302,12080.0,0,2,0,0,Red
303,12120.0,0,2,0,0,Unknown
304,12160.0,0,2,0,0,Unknown
305,12200.0,0,2,0,0,Unknown
306,12240.0,0,2,0,0,Unknown
307,12280.0,0,2,0,0,Unknown
308,12320.0,0,2,0,0,Unknown
309,12360.0,0,2,0,0,Unknown
310,12399.999999999998,0,2,0,0,Unknown
311,12440.0,0,2,0,0,Unknown
312,12479.999999999998,0,2,0,0,Unknown
313,12520.0,0,2,0,0,Unknown
314,12559.999999999998,0,2,0,0,Red
315,12600.0,0,2,0,0,Red
316,12639.999999999998,0,2,0,0,Unknown
317,12680.0,0,2,0,0,Red
318,12719.999999999998,0,2,0,0,Unknown
319,12760.0,0,2,0,0,Unknown
320,12799.999999999998,0,2,0,0,Unknown
321,12840.0,0,2,0,0,Red
322,12879.999999999998,0,2,0,0,Red
323,12920.0,0,2,0,0,Red
324,12959.999999999998,0,2,0,0,Red
325,13000.0,0,2,0,0,Red
326,13040.0,0,2,0,0,Unknown
327,13080.0,0,2,0,0,Unknown
328,13120.0,0,2,0,0,Red
329,13160.0,0,2,0,0,Red
330,13200.0,0,2,0,0,Red
331,13240.0,0,2,0,0,Unknown
332,13280.0,0,2,0,0,Red
333,13320.0,0,2,0,0,Unknown
334,13360.0,0,2,0,0,Red
335,13399.999999999998,0,2,0,0,Red
336,13440.0,0,2,0,0,Red
337,13479.999999999998,0,2,0,0,Red
338,13520.0,0,2,0,0,Red
339,13559.999999999998,0,2,0,0,Red
340,13600.0,0,2,0,0,Red
341,13639.999999999998,0,2,0,0,Red
342,13680.0,0,2,0,0,Red
343,13719.999999999998,0,2,0,0,Red
344,13760.0,0,2,0,0,Red
345,13799.999999999998,0,2,0,0,Red
346,13840.0,0,2,0,0,Red
347,13879.999999999998,0,2,0,0,Red
348,13920.0,0,2,0,0,Red
349,13959.999999999998,0,2,0,0,Red
350,14000.0,0,2,0,0,Red
351,14040.0,0,2,0,0,Red
352,14080.0,0,2,0,0,Red
353,14120.0,0,2,0,0,Red
354,14160.0,0,3,0,0,Red
355,14200.0,0,3,0,0,Red
356,14240.0,0,3,0,0,Red
357,14280.0,0,3,0,0,Red
358,14319.999999999998,0,3,0,0,Red
359,14360.0,0,3,0,0,Red
360,14399.999999999998,0,3,0,0,Red
361,14440.0,0,3,0,0,Red
362,14479.999999999998,0,3,0,0,Red
363,14520.0,0,3,0,0,Red
364,14559.999999999998,0,3,0,0,Red
365,14600.0,0,3,0,0,Red
366,14639.999999999998,0,3,0,0,Red
367,14680.0,0,3,0,0,Red
368,14719.999999999998,0,3,0,0,Red
369,14760.0,0,3,0,0,Red
370,14799.999999999998,0,3,0,0,Red
371,14840.0,0,3,0,0,Red
372,14879.999999999998,0,3,0,0,Red
373,14920.0,0,3,0,0,Red
374,14959.999999999998,0,3,0,0,Red
375,15000.0,0,3,0,0,Red
376,15040.0,0,3,0,0,Red
377,15080.0,0,3,0,0,Red
378,15120.0,0,3,0,0,Red
379,15160.0,0,3,0,0,Red
380,15200.0,0,3,0,0,Red
381,15239.999999999998,0,4,0,0,Red
382,15280.0,0,4,0,0,Red
383,15319.999999999998,0,4,0,0,Red
384,15360.0,0,4,0,0,Red
385,15399.999999999998,0,4,0,0,Red
386,15440.0,0,4,0,0,Red
387,15479.999999999998,0,4,0,0,Red
388,15520.0,0,4,0,0,Red
389,15559.999999999998,0,4,0,0,Red
390,15600.0,0,4,0,0,Red
391,15639.999999999998,0,4,0,0,Red
392,15680.0,0,4,0,0,Red
393,15719.999999999998,0,4,0,0,Unknown
394,15760.0,0,4,0,0,Unknown
395,15799.999999999998,0,4,0,0,Unknown
396,15840.0,0,4,0,0,Unknown
397,15879.999999999998,0,4,0,0,Unknown
398,15920.0,0,4,0,0,Red
399,15959.999999999998,0,4,0,0,Red
400,16000.0,0,4,0,0,Red
401,16040.0,0,4,0,0,Red
402,16079.999999999998,0,4,0,0,Red
403,16120.000000000002,0,4,0,0,Red
404,16160.0,0,4,0,0,Red
405,16200.0,0,4,0,0,Red
406,16239.999999999998,0,4,0,0,Red
407,16279.999999999998,0,4,0,0,Green
408,16320.0,0,4,0,0,Green
409,16360.0,0,4,0,0,Red
410,16400.0,0,4,0,0,Red
411,16439.999999999996,0,4,0,0,Green
412,16480.0,0,4,0,0,Red
413,16520.0,0,4,0,0,Red
414,16560.0,0,4,0,0,Red
415,16599.999999999996,0,4,0,0,Red
416,16640.0,0,4,0,0,Red
417,16680.0,0,4,0,0,Red
418,16720.0,0,4,0,0,Red
419,16759.999999999996,0,4,0,0,Red
420,16800.0,0,4,0,0,Red
421,16840.0,0,4,0,0,Red
422,16880.0,0,4,0,0,Red
423,16919.999999999996,0,4,0,0,Red
424,16960.0,0,4,0,0,Red
425,17000.0,0,4,0,0,Red
426,17040.0,0,4,0,0,Red
427,17080.0,0,4,0,0,Red
428,17120.0,0,4,0,0,Red
429,17160.0,0,4,0,0,Red
430,17200.0,0,5,0,0,Red
431,17240.0,0,5,0,0,Red
432,17279.999999999996,0,5,0,0,Red
433,17320.0,0,5,0,0,Red
434,17360.0,0,5,0,0,Red
435,17400.0,0,5,0,0,Red
436,17439.999999999996,0,5,0,0,Red
437,17480.0,0,5,0,0,Red
438,17520.0,0,5,0,0,Red
439,17560.0,0,5,0,0,Red
440,17599.999999999996,0,5,0,0,Red
441,17640.0,0,5,0,0,Red
442,17680.0,0,5,0,0,Red
443,17720.0,0,5,0,0,Red
444,17759.999999999996,0,5,0,0,Red
445,17800.0,0,5,0,0,Red
446,17840.0,0,5,0,0,Red
447,17880.0,0,5,0,0,Red
448,17919.999999999996,0,5,0,0,Red
449,17960.0,0,5,0,0,Red
450,18000.0,0,5,0,0,Red
451,18040.0,0,5,0,0,Red
452,18080.0,0,5,0,0,Red
453,18119.999999999996,0,5,0,0,Red
454,18160.0,0,5,0,0,Red
455,18200.0,0,5,0,0,Red
456,18240.0,0,5,0,0,Red
457,18279.999999999996,0,5,0,0,Red
458,18320.0,0,5,0,0,Red
459,18360.0,0,5,0,0,Red
460,18400.0,0,5,0,0,Red
461,18439.999999999996,0,5,0,0,Red
462,18480.0,0,5,0,0,Red
463,18520.0,0,5,0,0,Red
464,18560.0,0,5,0,0,Red
465,18599.999999999996,0,6,0,0,Red
466,18640.0,0,6,0,0,Red
467,18680.0,0,6,0,0,Red
468,18720.0,0,6,0,0,Red
469,18759.999999999996,0,6,0,0,Red
470,18800.0,0,6,0,0,Red
471,18840.0,0,6,0,0,Red
472,18880.0,0,6,0,0,Red
473,18919.999999999996,0,6,0,0,Red
474,18960.0,0,6,0,0,Red
475,19000.0,0,6,0,0,Red
476,19040.0,0,6,0,0,Red
477,19080.0,0,6,0,0,Red
478,19119.999999999996,0,6,0,0,Red
479,19160.0,0,6,0,0,Red
480,19200.0,0,6,0,0,Red
481,19240.0,0,6,0,0,Red
482,19279.999999999996,0,6,0,0,Red
483,19320.0,0,6,0,0,Red
484,19360.0,0,6,0,0,Red
485,19400.0,0,6,0,0,Red
486,19439.999999999996,0,6,0,0,Red
487,19480.0,0,6,0,0,Red
488,19520.0,0,6,0,0,Red
489,19560.0,0,6,0,0,Red
490,19599.999999999996,0,6,0,0,Red
491,19640.0,0,6,0,0,Red
492,19680.0,0,6,0,0,Red
493,19720.0,0,6,0,0,Red
494,19759.999999999996,0,6,0,0,Red
495,19800.0,0,7,0,0,Red
496,19840.0,0,7,0,0,Red
497,19880.0,0,7,0,0,Red
498,19919.999999999996,0,7,0,0,Red
499,19960.0,0,7,0,0,Red
500,20000.0,0,7,0,0,Red
501,20040.0,0,7,0,0,Red
502,20080.0,0,7,0,0,Red
503,20119.999999999996,0,7,0,0,Red
504,20160.0,0,7,0,0,Red
505,20200.0,0,7,0,0,Red
506,20240.0,0,8,0,0,Red
507,20279.999999999996,0,8,0,0,Red
508,20320.0,0,8,0,0,Unknown
509,20360.0,0,8,0,0,Red
510,20400.0,0,8,0,0,Red
511,20439.999999999996,0,8,0,0,Red
512,20480.0,0,8,0,0,Unknown
513,20520.0,0,8,0,0,Red
514,20560.0,0,8,0,0,Red
515,20599.999999999996,0,8,0,0,Red
516,20640.0,0,8,0,0,Red
517,20680.0,0,8,0,0,Unknown
518,20720.0,0,8,0,0,Red
519,20759.999999999996,0,8,0,0,Red
520,20800.0,0,8,0,0,Red
521,20840.0,0,8,0,0,Red
522,20880.0,0,8,0,0,Red
523,20919.999999999996,0,8,0,0,Red
524,20959.999999999996,0,8,0,0,Red
525,21000.0,0,8,0,0,Unknown
526,21040.0,0,8,0,0,Red
527,21080.0,0,8,0,0,Red
528,21119.999999999996,0,8,0,0,Red
529,21160.0,0,8,0,0,Red
530,21200.0,0,8,0,0,Red
531,21240.0,0,8,0,0,Red
532,21279.999999999996,0,8,0,0,Red
533,21320.0,0,8,0,0,Red
534,21360.0,0,9,0,0,Red
535,21400.0,0,9,0,0,Red
536,21439.999999999996,0,9,0,0,Red
537,21480.0,0,9,0,0,Red
538,21520.0,0,9,0,0,Red
539,21560.0,0,9,0,0,Red
540,21599.999999999996,0,9,0,0,Red
541,21640.0,0,9,0,0,Red
542,21680.0,0,9,0,0,Red
543,21720.0,0,9,0,0,Red
544,21759.999999999996,0,9,0,0,Red
545,21800.0,0,9,0,0,Red
546,21840.0,0,9,0,0,Red
547,21880.0,0,9,0,0,Red
548,21919.999999999996,0,9,0,0,Red
549,21959.999999999996,0,9,0,0,Red
550,22000.0,0,9,0,0,Red
551,22040.0,0,9,0,0,Red
552,22080.0,0,9,0,0,Red
553,22119.999999999996,0,9,0,0,Red
554,22160.0,0,9,0,0,Red
555,22200.0,0,9,0,0,Red
556,22240.0,0,9,0,0,Red
557,22279.999999999996,0,9,0,0,Red
558,22320.0,0,9,0,0,Red
559,22360.0,0,9,0,0,Red
560,22400.0,0,9,0,0,Red
561,22439.999999999996,0,9,0,0,Red
562,22480.0,0,10,0,0,Red
563,22520.0,0,10,0,0,Red
564,22560.0,0,10,0,0,Red
565,22599.999999999996,0,10,0,0,Red
566,22640.0,0,10,0,0,Red
567,22680.0,0,10,0,0,Red
568,22720.0,0,10,0,0,Red
569,22759.999999999996,0,10,0,0,Red
570,22800.0,0,10,0,0,Red
571,22840.0,0,10,0,0,Red
572,22880.0,0,10,0,0,Red
573,22919.999999999996,0,10,0,0,Red
574,22959.999999999996,0,10,0,0,Red
575,23000.0,0,10,0,0,Red
576,23040.0,0,10,0,0,Red
577,23080.0,0,10,0,0,Red
578,23119.999999999996,0,10,0,0,Red
579,23160.0,0,10,0,0,Red
580,23200.0,0,10,0,0,Red
581,23240.0,0,10,0,0,Red
582,23279.999999999996,0,10,0,0,Red
583,23320.0,0,10,0,0,Red
584,23360.0,0,10,0,0,Red
585,23400.0,0,10,0,0,Red
586,23439.999999999996,0,10,0,0,Red
587,23480.0,0,10,0,0,Red
588,23520.0,0,10,0,0,Red
589,23560.0,0,10,0,0,Red
590,23599.999999999996,0,10,0,0,Red
591,23640.0,0,10,0,0,Red
592,23680.0,0,10,0,0,Red
593,23720.0,0,10,0,0,Red
594,23759.999999999996,0,10,0,0,Red
595,23799.999999999996,0,10,0,0,Red
596,23840.0,0,10,0,0,Red
597,23880.0,0,10,0,0,Red
598,23919.999999999996,0,10,0,0,Red
599,23959.999999999996,0,10,0,0,Red
600,24000.0,0,10,0,0,Red
601,24040.0,0,10,0,0,Green
602,24080.0,0,10,0,0,Red
603,24119.999999999996,0,10,0,0,Red
604,24160.0,0,10,0,0,Red
605,24200.0,0,10,0,0,Red
606,24240.0,0,10,0,0,Red
607,24279.999999999996,0,10,0,0,Red
608,24320.0,0,10,0,0,Red
609,24360.0,0,10,0,0,Red
610,24400.0,0,11,0,0,Red
611,24439.999999999996,0,11,0,0,Red
612,24480.0,0,11,0,0,Red
613,24520.0,0,11,0,0,Red
614,24560.0,0,11,0,0,Red
615,24599.999999999996,0,11,0,0,Red
616,24640.0,0,11,0,0,Red
617,24680.0,0,11,0,0,Red
618,24720.0,0,11,0,0,Red
619,24759.999999999996,0,11,0,0,Red
620,24799.999999999996,0,11,0,0,Red
621,24840.0,0,11,0,0,Red
622,24880.0,0,11,0,0,Red
623,24919.999999999996,0,11,0,0,Red
624,24959.999999999996,0,11,0,0,Red
625,25000.0,0,11,0,0,Red
626,25040.0,0,11,0,0,Red
627,25080.0,0,11,0,0,Red
628,25119.999999999996,0,11,0,0,Red
629,25160.0,0,11,0,0,Red
630,25200.0,0,11,0,0,Red
631,25240.0,0,11,0,0,Red
632,25279.999999999996,0,11,0,0,Red
633,25320.0,0,11,0,0,Red
634,25360.0,0,11,0,0,Red
635,25400.0,0,11,0,0,Red
636,25439.999999999996,0,11,0,0,Red
637,25480.0,0,11,0,0,Red
638,25520.0,0,11,0,0,Red
639,25560.0,0,11,0,0,Red
640,25599.999999999996,0,11,0,0,Red
641,25640.0,0,11,0,0,Red
642,25680.0,0,11,0,0,Red
643,25720.0,0,11,0,0,Red
644,25759.999999999996,0,11,0,0,Red
645,25799.999999999996,0,11,0,0,Red
646,25840.0,0,11,0,0,Red
647,25880.0,0,11,0,0,Red
648,25919.999999999996,0,11,0,0,Red
649,25959.999999999996,0,11,0,0,Red
650,26000.0,0,11,0,0,Red
651,26040.0,0,11,0,0,Red
652,26080.0,0,11,0,0,Red
653,26119.999999999996,0,11,0,0,Red
654,26160.0,0,11,0,0,Red
655,26200.0,0,11,0,0,Red
656,26240.0,0,11,0,0,Red
657,26279.999999999996,0,11,0,0,Red
658,26320.0,0,11,0,0,Red
659,26360.0,0,11,0,0,Red
660,26400.0,0,11,0,0,Red
661,26439.999999999996,0,11,0,0,Red
662,26480.0,0,11,0,0,Red
663,26520.0,0,11,0,0,Red
664,26560.0,0,11,0,0,Red
665,26599.999999999996,0,11,0,0,Red
666,26640.0,0,11,0,0,Red
667,26680.0,0,11,0,0,Red
668,26720.0,0,11,0,0,Red
669,26759.999999999996,0,11,0,0,Red
670,26799.999999999996,0,11,0,0,Red
671,26840.0,0,11,0,0,Red
672,26880.0,0,11,0,0,Red
673,26919.999999999996,0,11,0,0,Red
674,26959.999999999996,0,11,0,0,Red
675,27000.0,0,11,0,0,Red
676,27040.0,0,11,0,0,Red
677,27080.0,0,11,0,0,Red
678,27119.999999999996,0,11,0,0,Red
679,27160.0,0,11,0,0,Red
680,27200.0,0,11,0,0,Red
681,27240.0,0,11,0,0,Red
682,27279.999999999996,0,11,0,0,Red
683,27320.0,0,11,0,0,Red
684,27360.0,0,11,0,0,Red
685,27400.0,0,11,0,0,Unknown
686,27439.999999999996,0,12,0,0,Red
687,27480.0,0,12,0,0,Red
688,27520.0,0,12,0,0,Red
689,27560.0,0,12,0,0,Red
690,27599.999999999996,0,12,0,0,Red
691,27639.999999999996,0,12,0,0,Red
692,27680.0,0,12,0,0,Red
693,27720.0,0,12,0,0,Red
694,27759.999999999996,0,12,0,0,Red
695,27799.999999999996,0,12,0,0,Red
696,27840.0,0,12,0,0,Red
697,27880.0,0,12,0,0,Red
698,27919.999999999996,0,12,0,0,Red
699,27959.999999999996,0,12,0,0,Red
700,28000.0,0,12,0,0,Red
701,28040.0,0,12,0,0,Red
702,28080.0,0,12,0,0,Red
703,28119.999999999996,0,12,0,0,Red
704,28160.0,0,12,0,0,Red
705,28200.0,0,12,0,0,Red
706,28240.0,0,12,0,0,Red
707,28279.999999999996,0,12,0,0,Red
708,28320.0,0,12,0,0,Red
709,28360.0,0,12,0,0,Red
710,28400.0,0,12,0,0,Red
711,28439.999999999996,0,12,0,0,Red
712,28480.0,0,12,0,0,Red
713,28520.0,0,12,0,0,Red
714,28560.0,0,12,0,0,Red
715,28599.999999999996,0,12,0,0,Red
716,28639.999999999996,0,12,0,0,Red
717,28680.0,0,12,0,0,Red
718,28720.0,0,12,0,0,Red
719,28759.999999999996,0,12,0,0,Red
720,28799.999999999996,0,12,0,0,Red
721,28840.0,0,12,0,0,Red
722,28880.0,0,12,0,0,Red
723,28919.999999999996,0,12,0,0,Red
724,28959.999999999996,0,12,0,0,Red
725,29000.0,0,12,0,0,Red
726,29040.0,0,12,0,0,Red
727,29080.0,0,12,0,0,Red
728,29119.999999999996,0,12,0,0,Red
729,29160.0,0,12,0,0,Red
730,29200.0,0,12,0,0,Red
731,29240.0,0,12,0,0,Red
732,29279.999999999996,0,12,0,0,Red
733,29320.0,0,12,0,0,Red
734,29360.0,0,12,0,0,Red
735,29400.0,0,12,0,0,Red
736,29439.999999999996,0,12,0,0,Red
737,29480.0,0,12,0,0,Red
738,29520.0,0,12,0,0,Red
739,29560.0,0,12,0,0,Red
740,29599.999999999996,0,12,0,0,Red
741,29639.999999999996,0,12,0,0,Red
742,29680.0,0,12,0,0,Red
743,29720.0,0,12,0,0,Red
744,29759.999999999996,0,12,0,0,Red
745,29799.999999999996,0,12,0,0,Red
746,29840.0,0,12,0,0,Red
747,29880.0,0,12,0,0,Red
748,29919.999999999996,0,12,0,0,Red
749,29959.999999999996,0,12,0,0,Red
750,30000.0,0,12,0,0,Red
751,30040.0,0,13,0,0,Red
752,30080.0,0,13,0,0,Red
753,30119.999999999996,0,13,0,0,Red
754,30160.0,0,13,0,0,Red
755,30200.0,0,13,0,0,Red
756,30240.0,0,13,0,0,Red
757,30279.999999999996,0,13,0,0,Red
758,30320.0,0,13,0,0,Red
759,30360.0,0,13,0,0,Red
760,30400.0,0,13,0,0,Red
761,30439.999999999996,0,13,0,0,Red
762,30479.999999999996,0,13,0,0,Red
763,30520.0,0,14,0,0,Red
764,30560.0,0,14,0,0,Red
765,30599.999999999996,0,14,0,0,Red
766,30639.999999999996,0,14,0,0,Red
767,30680.0,0,14,0,0,Red
768,30720.0,0,14,0,0,Red
769,30759.999999999996,0,14,0,0,Red
770,30799.999999999996,0,14,0,0,Red
771,30840.0,0,14,0,0,Red
772,30880.0,0,14,0,0,Red
773,30919.999999999996,0,14,0,0,Red
774,30959.999999999996,0,14,0,0,Red
775,31000.0,0,14,0,0,Red
776,31040.0,0,14,0,0,Red
777,31080.0,0,14,0,0,Red
778,31119.999999999996,0,14,0,0,Red
779,31160.0,0,14,0,0,Red
780,31200.0,0,14,0,0,Red
781,31240.0,0,14,0,0,Red
782,31279.999999999996,0,14,0,0,Red
783,31320.0,0,14,0,0,Red
784,31360.0,0,14,0,0,Red
785,31400.0,0,14,0,0,Red
786,31439.999999999996,0,14,0,0,Red
787,31479.999999999996,0,14,0,0,Red
788,31520.0,0,15,0,0,Red
789,31560.0,0,15,0,0,Red
790,31599.999999999996,0,15,0,0,Red
791,31639.999999999996,0,15,0,0,Red
792,31680.0,0,15,0,0,Red
793,31720.0,0,15,0,0,Red
794,31759.999999999996,0,15,0,0,Red
795,31799.999999999996,0,15,0,0,Red
796,31840.0,0,15,0,0,Red
797,31880.0,0,15,0,0,Red
798,31919.999999999996,0,15,0,0,Red
799,31959.999999999996,0,15,0,0,Red
800,32000.0,0,15,0,0,Red
801,32040.0,0,15,0,0,Red
802,32080.0,0,15,0,0,Red
803,32119.999999999996,0,15,0,0,Red
804,32159.999999999996,0,15,0,0,Red
805,32199.999999999996,0,15,0,0,Red
806,32240.000000000004,0,15,0,0,Red
807,32280.0,0,15,0,0,Red
808,32320.0,0,15,0,0,Red
809,32360.0,0,15,0,0,Red
810,32400.0,0,15,0,0,Red
811,32439.999999999996,0,15,0,0,Red
812,32479.999999999996,0,15,0,0,Red
813,32519.999999999996,0,15,0,0,Red
814,32559.999999999996,0,15,0,0,Red
815,32600.0,0,15,0,0,Red
816,32640.0,0,15,0,0,Red
817,32680.0,0,15,0,0,Red
818,32720.0,0,15,0,0,Red
819,32759.999999999996,0,15,0,0,Red
820,32800.0,0,15,0,0,Red
821,32839.99999999999,0,15,0,0,Red
822,32879.99999999999,0,15,0,0,Red
823,32920.0,0,15,0,0,Red
824,32960.0,0,15,0,0,Red
825,33000.0,0,15,0,0,Red
826,33040.0,0,15,0,0,Red
827,33080.0,0,15,0,0,Red
828,33120.0,0,15,0,0,Red
829,33160.0,0,15,0,0,Red
830,33199.99999999999,0,15,0,0,Red
831,33240.0,0,15,0,0,Red
832,33280.0,0,15,0,0,Red
833,33320.0,0,15,0,0,Red
834,33360.0,0,15,0,0,Red
835,33400.0,0,15,0,0,Red
836,33440.0,0,15,0,0,Red
837,33480.0,0,15,0,0,Red
838,33519.99999999999,0,15,0,0,Red
839,33559.99999999999,0,15,0,0,Red
840,33600.0,0,15,0,0,Red
841,33640.0,0,15,0,0,Red
842,33680.0,0,16,0,0,Red
843,33720.0,0,16,0,0,Red
844,33760.0,0,16,0,0,Red
845,33800.0,0,16,0,0,Red
846,33839.99999999999,0,16,0,0,Red
847,33879.99999999999,0,16,0,0,Red
848,33920.0,0,16,0,0,Red
849,33960.0,0,16,0,0,Red
850,34000.0,0,16,0,0,Red
851,34040.0,0,16,0,0,Red
852,34080.0,0,16,0,0,Red
853,34120.0,0,16,0,0,Red
854,34160.0,0,16,0,0,Red
855,34199.99999999999,0,16,0,0,Red
856,34240.0,0,16,0,0,Red
857,34280.0,0,16,0,0,Red
858,34320.0,0,16,0,0,Red
859,34360.0,0,16,0,0,Red
860,34400.0,0,16,0,0,Red
861,34440.0,0,16,0,0,Red
862,34480.0,0,16,0,0,Red
863,34519.99999999999,0,16,0,0,Red
864,34559.99999999999,0,16,0,0,Red
865,34600.0,0,16,0,0,Red
866,34640.0,0,16,0,0,Red
867,34680.0,0,16,0,0,Red
868,34720.0,0,16,0,0,Red
869,34760.0,0,16,0,0,Red
870,34800.0,0,16,0,0,Red
871,34839.99999999999,0,16,0,0,Red
872,34879.99999999999,0,16,0,0,Red
873,34920.0,0,16,0,0,Red
874,34960.0,0,16,0,0,Red
875,35000.0,0,16,0,0,Red
876,35040.0,0,16,0,0,Red
877,35080.0,0,16,0,0,Red
878,35120.0,0,16,0,0,Red
879,35160.0,0,16,0,0,Red
880,35199.99999999999,0,16,0,0,Red
881,35239.99999999999,0,16,0,0,Red
882,35280.0,0,16,0,0,Red
883,35320.0,0,16,0,0,Red
884,35360.0,0,16,0,0,Red
885,35400.0,0,16,0,0,Red
886,35440.0,0,16,0,0,Red
887,35480.0,0,16,0,0,Red
888,35519.99999999999,0,16,0,0,Red
889,35559.99999999999,0,16,0,0,Red
890,35600.0,0,16,0,0,Red
891,35640.0,0,16,0,0,Red
892,35680.0,0,16,0,0,Red
893,35720.0,0,17,0,0,Red
894,35760.0,0,17,0,0,Red
895,35800.0,0,17,0,0,Red
896,35839.99999999999,0,17,0,0,Red
897,35879.99999999999,0,17,0,0,Red
898,35920.0,0,17,0,0,Red
899,35960.0,0,17,0,0,Red
900,36000.0,0,17,0,0,Red
901,36040.0,0,17,0,0,Red
902,36080.0,0,17,0,0,Red
903,36120.0,0,17,0,0,Red
904,36160.0,0,17,0,0,Red
905,36199.99999999999,0,17,0,0,Red
906,36239.99999999999,0,17,0,0,Red
907,36280.0,0,17,0,0,Red
908,36320.0,0,17,0,0,Red
909,36360.0,0,17,0,0,Red
910,36400.0,0,17,0,0,Red
911,36440.0,0,17,0,0,Red
912,36480.0,0,17,0,0,Red
913,36519.99999999999,0,17,0,0,Red
914,36559.99999999999,0,17,0,0,Red
915,36600.0,0,17,0,0,Red
916,36640.0,0,17,0,0,Red
917,36680.0,0,17,0,0,Red
918,36720.0,0,17,0,0,Red
919,36760.0,0,17,0,0,Red
920,36800.0,0,17,0,0,Red
921,36839.99999999999,0,17,0,0,Red
922,36879.99999999999,0,18,0,0,Red
923,36920.0,0,18,0,0,Red
924,36960.0,0,19,0,0,Red
925,37000.0,0,19,0,0,Red
926,37040.0,0,19,0,0,Red
927,37080.0,0,19,0,0,Red
928,37120.0,0,19,0,0,Red
929,37160.0,0,19,0,0,Red
930,37199.99999999999,0,19,0,0,Red
931,37239.99999999999,0,19,0,0,Red
932,37280.0,0,19,0,0,Red
933,37320.0,0,19,0,0,Red
934,37360.0,0,19,0,0,Red
935,37400.0,0,19,0,0,Red
936,37440.0,0,19,0,0,Red
937,37480.0,0,19,0,0,Red
938,37519.99999999999,0,19,0,0,Red
939,37559.99999999999,0,19,0,0,Red
940,37600.0,0,19,0,0,Red
941,37640.0,0,19,0,0,Red
942,37680.0,0,20,0,0,Red
943,37720.0,0,20,0,0,Red
944,37760.0,0,20,0,0,Red
945,37800.0,0,20,0,0,Red
946,37839.99999999999,0,20,0,0,Red
947,37879.99999999999,0,20,0,0,Red
948,37920.0,0,20,0,0,Red
949,37960.0,0,20,0,0,Red
950,38000.0,0,20,0,0,Red
951,38040.0,0,20,0,0,Red
952,38080.0,0,20,0,0,Red
953,38120.0,0,20,0,0,Red
954,38160.0,0,20,0,0,Red
955,38199.99999999999,0,20,0,0,Red
956,38239.99999999999,0,20,0,0,Red
957,38280.0,0,20,0,0,Red
958,38320.0,0,20,0,0,Red
959,38360.0,0,20,0,0,Red
960,38400.0,0,20,0,0,Red
961,38440.0,0,20,0,0,Red
962,38480.0,0,20,0,0,Red
963,38519.99999999999,0,21,0,0,Red
964,38559.99999999999,0,21,0,0,Red
965,38600.0,0,21,0,0,Red
966,38640.0,0,22,0,0,Red
967,38680.0,0,22,0,0,Red
968,38720.0,0,22,0,0,Red
969,38760.0,0,22,0,0,Green
970,38800.0,0,22,0,0,Red
971,38839.99999999999,0,22,0,0,Red
972,38879.99999999999,0,22,0,0,Red
973,38920.0,0,22,0,0,Red
974,38960.0,0,22,0,0,Red
975,39000.0,0,22,0,0,Red
976,39040.0,0,22,0,0,Red
977,39080.0,0,22,0,0,Red
978,39120.0,0,22,0,0,Red
979,39160.0,0,22,0,0,Red
980,39199.99999999999,0,22,0,0,Unknown
981,39239.99999999999,0,22,0,0,Unknown
982,39280.0,0,22,0,0,Unknown
983,39320.0,0,22,0,0,Red
984,39360.0,0,22,0,0,Unknown
985,39400.0,0,22,0,0,Unknown
986,39440.0,0,22,0,0,Unknown
987,39480.0,0,22,0,0,Unknown
988,39519.99999999999,0,22,0,0,Unknown
989,39559.99999999999,0,22,0,0,Red
990,39600.0,0,22,0,0,Red
991,39640.0,0,22,0,0,Red
992,39680.0,0,22,0,0,Red
993,39720.0,0,23,0,0,Red
994,39760.0,0,23,0,0,Red
995,39800.0,0,23,0,0,Red
996,39839.99999999999,0,23,0,0,Red
997,39879.99999999999,0,23,0,0,Red
998,39920.0,0,23,0,0,Red
999,39960.0,0,23,0,0,Red
1000,40000.0,0,23,0,0,Red
1001,40040.0,0,23,0,0,Red
1002,40080.0,0,23,0,0,Red
1003,40120.0,0,23,0,0,Red
1004,40160.0,0,23,0,0,Red
1005,40199.99999999999,0,23,0,0,Red
1006,40239.99999999999,0,23,0,0,Red
1007,40280.0,0,23,0,0,Red
1008,40320.0,0,23,0,0,Red
1009,40360.0,0,23,0,0,Red
1010,40400.0,0,23,0,0,Red
1011,40440.0,0,23,0,0,Red
1012,40480.0,0,23,0,0,Red
1013,40519.99999999999,0,23,0,0,Red
1014,40559.99999999999,0,23,0,0,Red
1015,40600.0,0,23,0,0,Red
1016,40640.0,0,23,0,0,Red
1017,40680.0,0,23,0,0,Red
1018,40720.0,0,23,0,0,Red
1019,40760.0,0,23,0,0,Red
1020,40800.0,0,23,0,0,Red
1021,40839.99999999999,0,23,0,0,Red
1022,40879.99999999999,0,23,0,0,Red
1023,40919.99999999999,0,23,0,0,Red
1024,40960.0,0,23,0,0,Red
1025,41000.0,0,23,0,0,Red
1026,41040.0,0,23,0,0,Red
1027,41080.0,0,23,0,0,Red
1028,41120.0,0,24,0,0,Red
1029,41160.0,0,25,0,0,Red
1030,41199.99999999999,0,25,0,0,Red
1031,41239.99999999999,0,25,0,0,Red
1032,41280.0,0,25,0,0,Red
1033,41320.0,0,25,0,0,Red
1034,41360.0,0,25,0,0,Red
1035,41400.0,0,25,0,0,Red
1036,41440.0,0,25,0,0,Red
1037,41480.0,0,25,0,0,Red
1038,41519.99999999999,0,26,0,0,Red
1039,41559.99999999999,0,26,0,0,Red
1040,41600.0,0,26,0,0,Red
1041,41640.0,0,26,0,0,Red
1042,41680.0,0,26,0,0,Red
1043,41720.0,0,26,0,0,Red
1044,41760.0,0,26,0,0,Red
1045,41800.0,0,26,0,0,Red
1046,41839.99999999999,0,26,0,0,Red
1047,41879.99999999999,0,26,0,0,Red
1048,41919.99999999999,0,26,0,0,Red
1049,41960.0,0,26,0,0,Red
1050,42000.0,0,26,0,0,Red
1051,42040.0,0,26,0,0,Red
1052,42080.0,0,26,0,0,Red
1053,42120.0,0,26,0,0,Red
1054,42160.0,0,26,0,0,Red
1055,42199.99999999999,0,26,0,0,Red
1056,42239.99999999999,0,26,0,0,Red
1057,42280.0,0,27,0,0,Red
1058,42320.0,0,27,0,0,Red
1059,42360.0,0,27,0,0,Red
1060,42400.0,0,27,0,0,Red
1061,42440.0,0,27,0,0,Red
1062,42480.0,0,27,0,0,Red
1063,42519.99999999999,0,27,0,0,Red
1064,42559.99999999999,0,27,0,0,Red
1065,42600.0,0,27,0,0,Red
1066,42640.0,0,27,0,0,Red
1067,42680.0,0,27,0,0,Red
1068,42720.0,0,27,0,0,Red
1069,42760.0,0,27,0,0,Red
1070,42800.0,0,27,0,0,Red
1071,42839.99999999999,0,27,0,0,Red
1072,42879.99999999999,0,27,0,0,Red
1073,42919.99999999999,0,27,0,0,Red
1074,42960.0,0,27,0,0,Red
1075,43000.0,0,27,0,0,Red
1076,43040.0,0,27,0,0,Red
1077,43080.0,0,27,0,0,Red
1078,43120.0,0,27,0,0,Red
1079,43160.0,0,27,0,0,Red
1080,43199.99999999999,0,27,0,0,Red
1081,43239.99999999999,0,28,0,0,Red
1082,43280.0,0,28,0,0,Red
1083,43320.0,0,28,0,0,Red
1084,43360.0,0,28,0,0,Red
1085,43400.0,0,28,0,0,Green
1086,43440.0,0,28,0,0,Red
1087,43480.0,0,28,0,0,Red
1088,43519.99999999999,0,28,0,0,Red
1089,43559.99999999999,0,28,0,0,Red
1090,43600.0,0,28,0,0,Red
1091,43640.0,0,28,0,0,Red
1092,43680.0,0,28,0,0,Red
1093,43720.0,0,28,0,0,Red
1094,43760.0,0,28,0,0,Red
1095,43800.0,0,29,0,0,Red
1096,43839.99999999999,0,29,0,0,Red
1097,43879.99999999999,0,29,0,0,Red
1098,43919.99999999999,0,29,0,0,Red
1099,43960.0,0,29,0,0,Red
1100,44000.0,0,29,0,0,Red
1101,44040.0,0,29,0,0,Red
1102,44080.0,0,29,0,0,Red
1103,44120.0,0,29,0,0,Red
1104,44160.0,0,29,0,0,Red
1105,44199.99999999999,0,29,0,0,Red
1106,44239.99999999999,0,29,0,0,Red
1107,44280.0,0,29,0,0,Red
1108,44320.0,0,30,0,0,Red
1109,44360.0,0,30,0,0,Red
1110,44400.0,0,30,0,0,Red
1111,44440.0,0,30,0,0,Red
1112,44480.0,0,30,0,0,Red
1113,44519.99999999999,0,30,0,0,Red
1114,44559.99999999999,0,30,0,0,Red
1115,44600.0,0,30,0,0,Red
1116,44640.0,0,30,0,0,Red
1117,44680.0,0,30,0,0,Red
1118,44720.0,0,30,0,0,Red
1119,44760.0,0,30,0,0,Red
1120,44800.0,0,30,0,0,Red
1121,44839.99999999999,0,30,0,0,Red
1122,44879.99999999999,0,30,0,0,Red
1123,44919.99999999999,0,30,0,0,Red
1124,44960.0,0,30,0,0,Red
1125,45000.0,0,30,0,0,Red
1126,45040.0,0,30,0,0,Red
1127,45080.0,0,30,0,0,Red
1128,45120.0,0,30,0,0,Red
1129,45160.0,0,30,0,0,Red
1130,45199.99999999999,0,30,0,0,Red
1131,45239.99999999999,0,30,0,0,Red
1132,45280.0,0,30,0,0,Red
1133,45320.0,0,30,0,0,Red
1134,45360.0,0,30,0,0,Red
1135,45400.0,0,30,0,0,Red
1136,45440.0,0,30,0,0,Red
1137,45480.0,0,30,0,0,Red
1138,45519.99999999999,0,30,0,0,Red
1139,45559.99999999999,0,30,0,0,Red
1140,45600.0,0,30,0,0,Red
1141,45640.0,0,30,0,0,Red
1142,45680.0,0,30,0,0,Red
1143,45720.0,0,30,0,0,Red
1144,45760.0,0,31,0,0,Red
1145,45800.0,0,31,0,0,Red
1146,45839.99999999999,0,31,0,0,Red
1147,45879.99999999999,0,31,0,0,Red
1148,45919.99999999999,0,31,0,0,Red
1149,45960.0,0,31,0,0,Red
1150,46000.0,0,31,0,0,Red
1151,46040.0,0,32,0,0,Red
1152,46080.0,0,32,0,0,Red
1153,46120.0,0,32,0,0,Red
1154,46160.0,0,32,0,0,Red
1155,46199.99999999999,0,32,0,0,Red
1156,46239.99999999999,0,32,0,0,Red
1157,46280.0,0,32,0,0,Red
1158,46320.0,0,32,0,0,Green
1159,46360.0,0,32,0,0,Red
1160,46400.0,0,32,0,0,Red
1161,46440.0,0,32,0,0,Red
1162,46480.0,0,32,0,0,Red
1163,46519.99999999999,0,32,0,0,Red
1164,46559.99999999999,0,32,0,0,Green
1165,46600.0,0,32,0,0,Red
1166,46640.0,0,32,0,0,Red
1167,46680.0,0,32,0,0,Red
1168,46720.0,0,32,0,0,Red
1169,46760.0,0,32,0,0,Red
1170,46800.0,0,32,0,0,Red
1171,46839.99999999999,0,32,0,0,Red
1172,46879.99999999999,0,32,0,0,Red
1173,46919.99999999999,0,32,0,0,Red
1174,46960.0,0,32,0,0,Red
1175,47000.0,0,32,0,0,Red
1176,47040.0,0,32,0,0,Red
1177,47080.0,0,32,0,0,Red
1178,47120.0,0,32,0,0,Red
1179,47160.0,0,32,0,0,Red
1180,47199.99999999999,0,32,0,0,Red
1181,47239.99999999999,0,32,0,0,Red
1182,47280.0,0,32,0,0,Red
1183,47320.0,0,32,0,0,Red
1184,47360.0,0,32,0,0,Red
1185,47400.0,0,32,0,0,Red
1186,47440.0,0,32,0,0,Red
1187,47480.0,0,32,0,0,Red
1188,47519.99999999999,0,32,0,0,Red
1189,47559.99999999999,0,32,0,0,Red
1190,47599.99999999999,0,32,0,0,Red
1191,47640.0,0,32,0,0,Red
1192,47680.0,0,32,0,0,Red
1193,47720.0,0,32,0,0,Red
1194,47760.0,0,32,0,0,Red
1195,47800.0,0,32,0,0,Red
1196,47839.99999999999,0,32,0,0,Red
1197,47879.99999999999,0,32,0,0,Red
1198,47919.99999999999,0,32,0,0,Red
1199,47960.0,0,32,0,0,Red
1200,48000.0,0,32,0,0,Red
1201,48040.0,0,32,0,0,Red
1202,48080.0,0,32,0,0,Red
1203,48120.0,0,32,0,0,Red
1204,48160.0,0,32,0,0,Red
1205,48199.99999999999,0,32,0,0,Red
1206,48239.99999999999,0,32,0,0,Red
1207,48280.0,0,32,0,0,Red
1208,48320.0,0,32,0,0,Red
1209,48360.0,0,32,0,0,Red
1210,48400.0,0,32,0,0,Red
1211,48440.0,0,32,0,0,Red
1212,48480.0,0,32,0,0,Red
1213,48519.99999999999,0,32,0,0,Red
1214,48559.99999999999,0,32,0,0,Red
1215,48599.99999999999,0,32,0,0,Red
1216,48640.0,0,32,0,0,Red
1217,48680.0,0,33,0,0,Red
1218,48720.0,0,33,0,0,Red
1219,48760.0,0,33,0,0,Red
1220,48800.0,0,33,0,0,Red
1221,48839.99999999999,0,33,0,0,Red
1222,48879.99999999999,0,33,0,0,Red
1223,48919.99999999999,0,33,0,0,Red
1224,48960.0,0,33,0,0,Red
1225,49000.0,0,33,0,0,Red
1226,49040.0,0,33,0,0,Red
1227,49080.0,0,33,0,0,Red
1228,49120.0,0,33,0,0,Red
1229,49160.0,0,34,0,0,Red
1230,49199.99999999999,0,34,0,0,Red
1231,49239.99999999999,0,34,0,0,Red
1232,49280.0,0,34,0,0,Red
1233,49320.0,0,34,0,0,Red
1234,49360.0,0,34,0,0,Red
1235,49400.0,0,34,0,0,Red
1236,49440.0,0,34,0,0,Unknown
1237,49480.0,0,34,0,0,Red
1238,49519.99999999999,0,34,0,0,Red
1239,49559.99999999999,0,34,0,0,Red
1240,49599.99999999999,0,34,0,0,Red
1241,49640.0,0,34,0,0,Red
1242,49680.0,0,34,0,0,Red
1243,49720.0,0,34,0,0,Red
1244,49760.0,0,34,0,0,Red
1245,49800.0,0,34,0,0,Green
1246,49839.99999999999,0,34,0,0,Red
1247,49879.99999999999,0,34,0,0,Red
1248,49919.99999999999,0,34,0,0,Green
1249,49960.0,0,34,0,0,Red
1250,50000.0,0,34,0,0,Red
1251,50040.0,0,34,0,0,Red
1252,50080.0,0,34,0,0,Red
1253,50120.0,0,34,0,0,Red
1254,50160.0,0,34,0,0,Red
1255,50199.99999999999,0,34,0,0,Red
1256,50239.99999999999,0,34,0,0,Red
1257,50280.0,0,34,0,0,Red
1258,50320.0,0,35,0,0,Red
1259,50360.0,0,35,0,0,Red
1260,50400.0,0,35,0,0,Red
1261,50440.0,0,35,0,0,Red
1262,50480.0,0,35,0,0,Red
1263,50519.99999999999,0,35,0,0,Red
1264,50559.99999999999,0,35,0,0,Red
1265,50599.99999999999,0,35,0,0,Red
1266,50640.0,0,35,0,0,Red
1267,50680.0,0,35,0,0,Red
1268,50720.0,0,35,0,0,Red
1269,50760.0,0,35,0,0,Red
1270,50800.0,0,35,0,0,Red
1271,50839.99999999999,0,35,0,0,Red
1272,50879.99999999999,0,35,0,0,Red
1273,50919.99999999999,0,35,0,0,Red
1274,50960.0,0,35,0,0,Red
1275,51000.0,0,35,0,0,Red
1276,51040.0,0,35,0,0,Red
1277,51080.0,0,35,0,0,Green
1278,51120.0,0,35,0,0,Red
1279,51160.0,0,35,0,0,Red
1280,51199.99999999999,0,35,0,0,Red
1281,51239.99999999999,0,35,0,0,Red
1282,51280.0,0,35,0,0,Red
1283,51320.0,0,35,0,0,Red
1284,51360.0,0,35,0,0,Green
1285,51400.0,0,35,0,0,Red
1286,51440.0,0,35,0,0,Red
1287,51480.0,0,35,0,0,Red
1288,51519.99999999999,0,35,0,0,Red
1289,51559.99999999999,0,35,0,0,Red
1290,51599.99999999999,0,35,0,0,Red
1291,51640.0,0,35,0,0,Red
1292,51680.0,0,35,0,0,Red
1293,51720.0,0,35,0,0,Red
1294,51760.0,0,35,0,0,Red
1295,51800.0,0,35,0,0,Green
1296,51839.99999999999,0,35,0,0,Red
1297,51879.99999999999,0,35,0,0,Red
1298,51919.99999999999,0,35,0,0,Red
1299,51960.0,0,35,0,0,Red
1300,52000.0,0,35,0,0,Red
1301,52040.0,0,35,0,0,Unknown
1302,52080.0,0,35,0,0,Unknown
1303,52120.0,0,35,0,0,Unknown
1304,52160.0,0,35,0,0,Unknown
1305,52199.99999999999,0,35,0,0,Unknown
1306,52239.99999999999,0,35,0,0,Unknown
1307,52280.0,0,35,0,0,Unknown
1308,52320.0,0,35,0,0,Unknown
1309,52360.0,0,35,0,0,Unknown
1310,52400.0,0,35,0,0,Unknown
1311,52440.0,0,35,0,0,Unknown
1312,52480.0,0,35,0,0,Unknown
1313,52519.99999999999,0,36,0,0,Red
1314,52559.99999999999,0,36,0,0,Unknown
1315,52599.99999999999,0,36,0,0,Red
1316,52640.0,0,36,0,0,Red
1317,52680.0,0,36,0,0,Red
1318,52720.0,0,36,0,0,Red
1319,52760.0,0,36,0,0,Red
1320,52800.0,0,36,0,0,Red
1321,52839.99999999999,0,37,0,0,Red
1322,52879.99999999999,0,37,0,0,Red
1323,52919.99999999999,0,37,0,0,Red
1324,52960.0,0,37,0,0,Red
1325,53000.0,0,37,0,0,Red
1326,53040.0,0,37,0,0,Red
1327,53080.0,0,37,0,0,Red
1328,53120.0,0,37,0,0,Red
1329,53160.0,0,37,0,0,Red
1330,53199.99999999999,0,37,0,0,Red
1331,53239.99999999999,0,37,0,0,Red
1332,53280.0,0,37,0,0,Red
1333,53320.0,0,37,0,0,Red
1334,53360.0,0,37,0,0,Red
1335,53400.0,0,37,0,0,Red
1336,53440.0,0,37,0,0,Red
1337,53480.0,0,37,0,0,Red
1338,53519.99999999999,0,37,0,0,Red
1339,53559.99999999999,0,37,0,0,Red
1340,53599.99999999999,0,37,0,0,Red
1341,53640.0,0,37,0,0,Red
1342,53680.0,0,37,0,0,Red
1343,53720.0,0,37,0,0,Red
1344,53760.0,0,37,0,0,Red
1345,53800.0,0,37,0,0,Red
1346,53839.99999999999,0,37,0,0,Red
1347,53879.99999999999,0,37,0,0,Red
1348,53919.99999999999,0,37,0,0,Red
1349,53960.0,0,37,0,0,Red
1350,54000.0,0,37,0,0,Red
1351,54040.0,0,37,0,0,Red
1352,54080.0,0,37,0,0,Red
1353,54120.0,0,37,0,0,Red
1354,54160.0,0,38,0,0,Red
1355,54199.99999999999,0,38,0,0,Red
1356,54239.99999999999,0,38,0,0,Red
1357,54279.99999999999,0,38,0,0,Green
1358,54320.0,0,38,0,0,Red
1359,54360.0,0,38,0,0,Red
1360,54400.0,0,38,0,0,Red
1361,54440.0,0,38,0,0,Red
1362,54480.0,0,38,0,0,Red
1363,54519.99999999999,0,38,0,0,Red
1364,54559.99999999999,0,38,0,0,Red
1365,54599.99999999999,0,38,0,0,Unknown
1366,54640.0,0,39,0,0,Red
1367,54680.0,0,39,0,0,Red
1368,54720.0,0,39,0,0,Red
1369,54760.0,0,39,0,0,Red
1370,54800.0,0,39,0,0,Red
1371,54839.99999999999,0,39,0,0,Red
1372,54879.99999999999,0,39,0,0,Red
1373,54919.99999999999,0,39,0,0,Red
1374,54960.0,0,39,0,0,Red
1375,55000.0,0,39,0,0,Red
1376,55040.0,0,39,0,0,Red
1377,55080.0,0,39,0,0,Red
1378,55120.0,0,39,0,0,Red
1379,55160.0,0,39,0,0,Red
1380,55199.99999999999,0,39,0,0,Red
1381,55239.99999999999,0,39,0,0,Red
1382,55279.99999999999,0,39,0,0,Red
1383,55320.0,0,39,0,0,Red
1384,55360.0,0,39,0,0,Red
1385,55400.0,0,39,0,0,Red
1386,55440.0,0,39,0,0,Red
1387,55480.0,0,39,0,0,Red
1388,55519.99999999999,0,39,0,0,Red
1389,55559.99999999999,0,39,0,0,Red
1390,55599.99999999999,0,39,0,0,Red
1391,55640.0,0,39,0,0,Red
1392,55680.0,0,39,0,0,Red
1393,55720.0,0,39,0,0,Red
1394,55760.0,0,39,0,0,Red
1395,55800.0,0,39,0,0,Red
1396,55839.99999999999,0,39,0,0,Red
1397,55879.99999999999,0,39,0,0,Red
1398,55919.99999999999,0,39,0,0,Red
1399,55960.0,0,39,0,0,Red
1400,56000.0,0,39,0,0,Red
1401,56040.0,0,39,0,0,Red
1402,56080.0,0,39,0,0,Red
1403,56120.0,0,39,0,0,Red
1404,56160.0,0,39,0,0,Red
1405,56199.99999999999,0,39,0,0,Red
1406,56239.99999999999,0,39,0,0,Red
1407,56279.99999999999,0,39,0,0,Red
1408,56320.0,0,39,0,0,Red
1409,56360.0,0,39,0,0,Red
1410,56400.0,0,39,0,0,Red
1411,56440.0,0,39,0,0,Red
1412,56480.0,0,39,0,0,Red
1413,56519.99999999999,0,39,0,0,Red
1414,56559.99999999999,0,39,0,0,Red
1415,56599.99999999999,0,39,0,0,Red
1416,56640.0,0,39,0,0,Red
1417,56680.0,0,39,0,0,Red
1418,56720.0,0,39,0,0,Green
1419,56760.0,0,39,0,0,Green
1420,56800.0,0,39,0,0,Green
1421,56839.99999999999,0,39,0,0,Green
1422,56879.99999999999,0,39,0,0,Green
1423,56919.99999999999,0,39,0,0,Green
1424,56960.0,0,39,0,0,Green
1425,57000.0,0,39,0,0,Green
1426,57040.0,0,39,0,0,Green
1427,57080.0,0,39,0,0,Green
1428,57120.0,0,39,0,0,Green
1429,57160.0,0,39,0,0,Green
1430,57199.99999999999,0,39,0,0,Green
1431,57239.99999999999,0,39,0,0,Green
1432,57279.99999999999,0,39,0,0,Green
1433,57320.0,0,39,0,0,Green
1434,57360.0,0,39,0,0,Green
1435,57400.0,0,39,0,0,Green
1436,57440.0,0,39,0,0,Green
1437,57480.0,0,39,0,0,Green
1438,57519.99999999999,0,39,0,0,Green
1439,57559.99999999999,0,39,0,0,Green
1440,57599.99999999999,0,39,0,0,Green
1441,57640.0,0,39,0,0,Green
1442,57680.0,0,39,0,0,Green
1443,57720.0,0,39,0,0,Green
1444,57760.0,0,39,0,0,Green
1445,57800.0,0,39,0,0,Green
1446,57839.99999999999,0,39,0,0,Green
1447,57879.99999999999,0,39,0,0,Green
1448,57919.99999999999,0,39,0,0,Green
1449,57960.0,0,39,0,0,Green
1450,58000.0,0,39,0,0,Green
1451,58040.0,0,39,0,0,Green
1452,58080.0,0,39,0,0,Green
1453,58120.0,0,39,0,0,Green
1454,58160.0,0,39,0,0,Green
1455,58199.99999999999,0,39,0,0,Green
1456,58239.99999999999,0,39,0,0,Green
1457,58279.99999999999,0,39,0,0,Green
1458,58320.0,0,39,0,0,Green
1459,58360.0,0,39,0,0,Green
1460,58400.0,0,39,0,0,Green
1461,58440.0,0,39,0,0,Green
1462,58480.0,0,39,0,0,Green
1463,58519.99999999999,0,39,0,0,Green
1464,58559.99999999999,0,39,0,0,Green
1465,58599.99999999999,0,39,0,0,Green
1466,58640.0,0,39,0,0,Green
1467,58680.0,0,39,0,0,Green
1468,58720.0,0,39,0,0,Green
1469,58760.0,0,39,0,0,Green
1470,58800.0,0,39,0,0,Green
1471,58839.99999999999,0,39,0,0,Green
1472,58879.99999999999,0,39,0,0,Green
1473,58919.99999999999,0,39,0,0,Green
1474,58960.0,0,39,0,0,Green
1475,59000.0,0,39,0,0,Green
1476,59040.0,0,39,0,0,Green
1477,59080.0,0,39,0,0,Green
1478,59120.0,0,39,0,0,Green
1479,59160.0,0,39,0,0,Green
1480,59199.99999999999,0,39,0,0,Green
1481,59239.99999999999,0,39,0,0,Green
1482,59279.99999999999,0,39,0,0,Green
1483,59320.0,0,39,0,0,Green
1484,59360.0,0,39,0,0,Green
1485,59400.0,0,39,0,0,Green
1486,59440.0,0,39,0,0,Green
1487,59480.0,0,39,0,0,Green
1488,59519.99999999999,0,39,0,0,Green
1489,59559.99999999999,0,39,0,0,Green
1490,59599.99999999999,0,39,0,0,Green
1491,59640.0,0,39,0,0,Green
1492,59680.0,0,39,0,0,Green
1493,59720.0,0,39,0,0,Green
1494,59760.0,0,39,0,0,Green
1495,59800.0,0,39,0,0,Green
1496,59839.99999999999,0,39,0,0,Green
1497,59879.99999999999,0,39,0,0,Green
1498,59919.99999999999,0,39,0,0,Green
1499,59959.99999999999,0,39,0,0,Green
1500,60000.0,0,39,0,0,Green
1501,60040.0,0,39,0,0,Green
1502,60080.0,0,39,0,0,Green
1503,60120.0,0,39,0,0,Green
1504,60160.0,0,39,0,0,Green
1505,60199.99999999999,0,39,0,0,Green
1506,60239.99999999999,0,39,0,0,Green
1507,60279.99999999999,0,39,0,0,Green
1508,60320.0,0,39,0,0,Green
1509,60360.0,0,39,0,0,Green
1510,60400.0,0,39,0,0,Green
1511,60440.0,0,39,0,0,Green
1512,60480.0,0,39,0,0,Green
1513,60519.99999999999,0,39,0,0,Green
1514,60559.99999999999,0,39,0,0,Green
1515,60599.99999999999,0,39,0,0,Green
1516,60640.0,0,39,0,0,Green
1517,60680.0,0,39,0,0,Green
1518,60720.0,0,39,0,0,Green
1519,60760.0,0,39,0,0,Green
1520,60800.0,0,39,0,0,Green
1521,60839.99999999999,0,39,0,0,Green
1522,60879.99999999999,0,39,0,0,Green
1523,60919.99999999999,0,39,0,0,Green
1524,60959.99999999999,0,39,0,0,Green
1525,61000.0,0,39,0,0,Green
1526,61040.0,0,39,0,0,Green
1527,61080.0,0,39,0,0,Green
1528,61120.0,0,39,0,0,Green
1529,61160.0,0,39,0,0,Green
1530,61199.99999999999,0,39,0,0,Green
1531,61239.99999999999,0,39,0,0,Green
1532,61279.99999999999,0,39,0,0,Green
1533,61320.0,0,39,0,0,Green
1534,61360.0,0,39,0,0,Green
1535,61400.0,0,39,0,0,Green
1536,61440.0,0,39,0,0,Green
1537,61480.0,0,39,0,0,Green
1538,61519.99999999999,0,39,0,0,Green
1539,61559.99999999999,0,39,0,0,Green
1540,61599.99999999999,0,39,0,0,Green
1541,61640.0,0,39,0,0,Green
1542,61680.0,0,39,0,0,Green
1543,61720.0,0,39,0,0,Green
1544,61760.0,0,39,0,0,Green
1545,61800.0,0,39,0,0,Green
1546,61839.99999999999,0,39,0,0,Green
1547,61879.99999999999,0,39,0,0,Green
1548,61919.99999999999,0,39,0,0,Green
1549,61959.99999999999,0,39,0,0,Green
1550,62000.0,0,39,0,0,Green
1551,62040.0,0,39,0,0,Green
1552,62080.0,0,39,0,0,Green
1553,62120.0,0,39,0,0,Green
1554,62160.0,0,39,0,0,Green
1555,62199.99999999999,0,39,0,0,Green
1556,62239.99999999999,0,39,0,0,Green
1557,62279.99999999999,0,39,0,0,Green
1558,62320.0,0,39,0,0,Green
1559,62360.0,0,39,0,0,Green
1560,62400.0,0,39,0,0,Green
1561,62440.0,0,39,0,0,Green
1562,62480.0,0,39,0,0,Green
1563,62519.99999999999,0,39,0,0,Green
1564,62559.99999999999,0,39,0,0,Green
1565,62599.99999999999,0,39,0,0,Green
1566,62640.0,0,39,0,0,Green
1567,62680.0,0,39,0,0,Green
1568,62720.0,0,39,0,0,Green
1569,62760.0,0,39,0,0,Green
1570,62800.0,0,39,0,0,Green
1571,62839.99999999999,0,39,0,0,Green
1572,62879.99999999999,0,39,0,0,Green
1573,62919.99999999999,0,39,0,0,Green
1574,62959.99999999999,0,39,0,0,Green
1575,63000.0,0,39,0,0,Green
1576,63040.0,0,39,0,0,Green
1577,63080.0,0,39,0,0,Green
1578,63120.0,0,39,0,0,Green
1579,63160.0,0,39,0,0,Green
1580,63199.99999999999,0,39,0,0,Green
1581,63239.99999999999,0,39,0,0,Green
1582,63279.99999999999,0,39,0,0,Green
1583,63320.0,0,39,0,0,Green
1584,63360.0,0,39,0,0,Green
1585,63400.0,0,39,0,0,Green
1586,63440.0,0,39,0,0,Green
1587,63480.0,0,39,0,0,Green
1588,63519.99999999999,0,39,0,0,Green
1589,63559.99999999999,0,39,0,0,Green
1590,63599.99999999999,0,39,0,0,Green
1591,63640.0,0,39,0,0,Green
1592,63680.0,0,39,0,0,Green
1593,63720.0,0,39,0,0,Green
1594,63760.0,0,39,0,0,Green
1595,63800.0,0,39,0,0,Green
1596,63839.99999999999,0,39,0,0,Green
1597,63879.99999999999,0,39,0,0,Green
1598,63919.99999999999,0,39,0,0,Green
1599,63959.99999999999,0,39,0,0,Green
1600,64000.0,0,39,0,0,Green
1601,64039.99999999999,1,39,0,0,Green
1602,64080.0,1,39,0,0,Green
1603,64119.99999999999,1,39,0,0,Green
1604,64160.0,1,39,0,0,Green
1605,64200.0,1,39,0,0,Green
1606,64239.99999999999,1,39,0,0,Green
1607,64280.0,1,39,0,0,Green
1608,64319.99999999999,1,39,0,0,Green
1609,64360.0,2,39,0,0,Green
1610,64399.99999999999,2,39,0,0,Green
1611,64440.0,2,39,0,0,Green
1612,64480.00000000001,3,39,0,0,Green
1613,64519.99999999999,3,39,0,0,Green
1614,64560.0,3,39,0,0,Green
1615,64599.99999999999,3,39,0,0,Green
1616,64640.0,3,39,0,0,Green
1617,64679.99999999999,3,39,0,0,Green
1618,64720.0,3,39,0,0,Green
1619,64759.99999999999,3,39,0,0,Green
1620,64800.0,3,39,0,0,Green
1621,64840.0,3,39,0,0,Green
1622,64879.99999999999,4,39,0,0,Green
1623,64920.0,4,39,0,0,Green
1624,64959.99999999999,4,39,0,0,Green
1625,65000.0,4,39,0,0,Green
1626,65039.99999999999,4,39,0,0,Green
1627,65080.0,4,39,0,0,Green
1628,65119.99999999999,4,39,0,0,Green
1629,65160.0,4,39,0,0,Green
1630,65200.0,4,39,0,0,Green
1631,65239.99999999999,4,39,0,0,Green
1632,65280.0,4,39,0,0,Green
1633,65319.99999999999,4,39,0,0,Green
1634,65360.0,4,39,0,0,Green
1635,65399.99999999999,4,39,0,0,Green
1636,65440.0,4,39,0,0,Green
1637,65480.00000000001,4,39,0,0,Green
1638,65519.99999999999,4,39,0,0,Green
1639,65560.0,4,39,0,0,Green
1640,65600.0,5,39,0,0,Green
1641,65640.0,5,39,0,0,Green
1642,65679.99999999999,5,39,0,0,Green
1643,65720.0,6,39,0,0,Green
1644,65759.99999999999,6,39,0,0,Green
1645,65800.0,6,39,0,0,Green
1646,65840.0,7,39,0,0,Green
1647,65880.0,7,39,0,0,Green
1648,65920.0,7,39,0,0,Green
1649,65960.0,7,39,0,0,Green
1650,66000.0,7,39,0,0,Green
1651,66039.99999999999,7,39,0,0,Green
1652,66080.0,7,39,0,0,Green
1653,66119.99999999999,7,39,0,0,Green
1654,66160.0,7,39,0,0,Green
1655,66200.0,7,39,0,0,Green
1656,66240.0,7,39,0,0,Green
1657,66280.0,7,39,0,0,Green
1658,66320.0,7,39,0,0,Green
1659,66360.0,7,39,0,0,Green
1660,66399.99999999999,7,39,0,0,Green
1661,66440.0,7,39,0,0,Green
1662,66480.0,7,39,0,0,Green
1663,66520.0,7,39,0,0,Green
1664,66560.0,8,39,0,0,Green
1665,66600.0,9,39,0,0,Green
1666,66640.0,9,39,0,0,Green
1667,66679.99999999999,9,39,0,0,Green
1668,66720.0,9,39,0,0,Green
1669,66759.99999999999,9,39,0,0,Green
1670,66800.0,9,39,0,0,Green
1671,66840.0,9,39,0,0,Green
1672,66880.0,10,39,0,0,Green
1673,66920.0,10,39,0,0,Green
1674,66960.0,10,39,0,0,Green
1675,67000.0,10,39,0,0,Green
1676,67039.99999999999,10,39,0,0,Green
1677,67080.0,10,39,0,0,Green
1678,67119.99999999999,10,39,0,0,Green
1679,67160.0,10,39,0,0,Green
1680,67200.0,10,39,0,0,Green
1681,67240.0,10,39,0,0,Green
1682,67280.0,10,39,0,0,Green
1683,67320.0,10,39,0,0,Green
1684,67360.0,10,39,0,0,Green
1685,67399.99999999999,10,39,0,0,Green
1686,67440.0,10,39,0,0,Green
1687,67480.0,10,39,0,0,Green
1688,67520.0,10,39,0,0,Green
1689,67560.0,10,39,0,0,Green
1690,67600.0,10,39,0,0,Green
1691,67640.0,10,39,0,0,Green
1692,67679.99999999999,10,39,0,0,Green
1693,67720.0,10,39,0,0,Green
1694,67759.99999999999,10,39,0,0,Green
1695,67800.0,10,39,0,0,Green
1696,67840.0,10,39,0,0,Green
1697,67880.0,10,39,0,0,Green
1698,67920.0,10,39,0,0,Green
1699,67960.0,10,39,0,0,Green
1700,68000.0,10,39,0,0,Green
1701,68039.99999999999,10,39,0,0,Green
1702,68080.0,10,39,0,0,Green
1703,68119.99999999999,11,39,0,0,Green
1704,68160.0,11,39,0,0,Green
1705,68200.0,11,39,0,0,Green
1706,68240.0,11,39,0,0,Green
1707,68280.0,11,39,0,0,Green
1708,68320.0,11,39,0,0,Green
1709,68360.0,11,39,0,0,Green
1710,68399.99999999999,11,39,0,0,Green
1711,68440.0,11,39,0,0,Green
1712,68480.0,11,39,0,0,Green
1713,68520.0,11,39,0,0,Green
1714,68560.0,11,39,0,0,Green
1715,68600.0,11,39,0,0,Green
1716,68640.0,11,39,0,0,Green
1717,68679.99999999999,11,39,0,0,Green
1718,68720.0,11,39,0,0,Green
1719,68759.99999999999,11,39,0,0,Green
1720,68800.0,11,39,0,0,Green
1721,68840.0,11,39,0,0,Green
1722,68880.0,11,39,0,0,Green
1723,68920.0,11,39,0,0,Green
1724,68960.0,11,39,0,0,Green
1725,69000.0,11,39,0,0,Green
1726,69039.99999999999,11,39,0,0,Green
1727,69080.0,11,39,0,0,Green
1728,69119.99999999999,11,39,0,0,Green
1729,69160.0,11,39,0,0,Green
1730,69200.0,11,39,0,0,Green
1731,69240.0,11,39,0,0,Green
1732,69280.0,11,39,0,0,Green
1733,69320.0,11,39,0,0,Green
1734,69360.0,11,39,0,0,Green
1735,69399.99999999999,11,39,0,0,Green
1736,69440.0,11,39,0,0,Green
1737,69479.99999999999,11,39,0,0,Green
1738,69520.0,11,39,0,0,Green
1739,69560.0,11,39,0,0,Green
1740,69600.0,11,39,0,0,Green
1741,69640.0,11,39,0,0,Green
1742,69679.99999999999,11,39,0,0,Green
1743,69720.0,11,39,0,0,Green
1744,69759.99999999999,11,39,0,0,Green
1745,69800.0,11,39,0,0,Green
1746,69840.0,11,39,0,0,Green
1747,69880.0,11,39,0,0,Green
1748,69920.0,11,39,0,0,Green
1749,69960.0,11,39,0,0,Green
1750,70000.0,11,39,0,0,Green
1751,70039.99999999999,11,39,0,0,Green
1752,70080.0,11,39,0,0,Green
1753,70119.99999999999,11,39,0,0,Green
1754,70160.0,11,39,0,0,Green
1755,70200.0,11,39,0,0,Green
1756,70240.0,12,39,0,0,Green
1757,70280.0,12,39,0,0,Green
1758,70320.0,12,39,0,0,Green
1759,70360.0,12,39,0,0,Green
1760,70399.99999999999,12,39,0,0,Green
1761,70440.0,12,39,0,0,Green
1762,70479.99999999999,13,39,0,0,Green
1763,70520.0,13,39,0,0,Green
1764,70560.0,13,39,0,0,Green
1765,70600.0,13,39,0,0,Green
1766,70640.0,13,39,0,0,Green
1767,70679.99999999999,13,39,0,0,Green
1768,70720.0,13,39,0,0,Green
1769,70759.99999999999,13,39,0,0,Green
1770,70800.0,13,39,0,0,Green
1771,70840.0,13,39,0,0,Green
1772,70880.0,13,39,0,0,Green
1773,70920.0,13,39,0,0,Green
1774,70960.0,13,39,0,0,Green
1775,71000.0,13,39,0,0,Green
1776,71039.99999999999,13,39,0,0,Green
1777,71080.0,13,39,0,0,Green
1778,71119.99999999999,13,39,0,0,Green
1779,71160.0,13,39,0,0,Green
1780,71200.0,13,39,0,0,Green
1781,71240.0,13,39,0,0,Green
1782,71280.0,13,39,0,0,Green
1783,71320.0,13,39,0,0,Green
1784,71360.0,13,39,0,0,Green
1785,71399.99999999999,13,39,0,0,Green
1786,71440.0,13,39,0,0,Green
1787,71479.99999999999,13,39,0,0,Green
1788,71520.0,13,39,0,0,Green
1789,71560.0,13,39,0,0,Green
1790,71600.0,13,39,0,0,Green
1791,71640.0,13,39,0,0,Green
1792,71679.99999999999,13,39,0,0,Green
1793,71720.0,13,39,0,0,Green
1794,71759.99999999999,13,39,0,0,Green
1795,71800.0,13,39,0,0,Unknown
1796,71840.0,13,39,0,0,Unknown
1797,71880.0,13,39,0,0,Unknown
1798,71920.0,13,39,0,0,Unknown
1799,71960.0,13,39,0,0,Unknown
1800,72000.0,13,39,0,0,Unknown
1801,72039.99999999999,13,39,0,0,Unknown
1802,72080.0,13,39,0,0,Unknown
1803,72119.99999999999,13,39,0,0,Unknown
1804,72160.0,13,39,0,0,Unknown
1805,72200.0,13,39,0,0,Unknown
1806,72240.0,13,39,0,0,Unknown
1807,72280.0,13,39,0,0,Unknown
1808,72320.0,13,39,0,0,Unknown
1809,72360.0,13,39,0,0,Green
1810,72399.99999999999,14,39,0,0,Green
1811,72440.0,14,39,0,0,Green
1812,72479.99999999999,14,39,0,0,Green
1813,72520.0,14,39,0,0,Green
1814,72560.0,14,39,0,0,Green
1815,72600.0,14,39,0,0,Green
1816,72640.0,14,39,0,0,Green
1817,72679.99999999999,14,39,0,0,Green
1818,72720.0,14,39,0,0,Green
1819,72759.99999999999,14,39,0,0,Green
1820,72800.0,14,39,0,0,Green
1821,72840.0,14,39,0,0,Green
1822,72880.0,14,39,0,0,Unknown
1823,72920.0,14,39,0,0,Unknown
1824,72960.0,14,39,0,0,Unknown
1825,73000.0,14,39,0,0,Unknown
1826,73039.99999999999,14,39,0,0,Unknown
1827,73080.0,14,39,0,0,Unknown
1828,73119.99999999999,14,39,0,0,Unknown
1829,73160.0,14,39,0,0,Unknown
1830,73200.0,14,39,0,0,Unknown
1831,73240.0,14,39,0,0,Unknown
1832,73280.0,14,39,0,0,Unknown
1833,73320.0,14,39,0,0,Unknown
1834,73360.0,14,39,0,0,Green
1835,73399.99999999999,14,39,0,0,Green
1836,73440.0,14,39,0,0,Green
1837,73479.99999999999,14,39,0,0,Green
1838,73520.0,15,39,0,0,Green
1839,73560.0,15,39,0,0,Green
1840,73600.0,15,39,0,0,Green
1841,73640.0,15,39,0,0,Green
1842,73679.99999999999,15,39,0,0,Green
1843,73720.0,15,39,0,0,Green
1844,73759.99999999999,15,39,0,0,Green
1845,73800.0,15,39,0,0,Green
1846,73840.0,15,39,0,0,Green
1847,73880.0,15,39,0,0,Unknown
1848,73920.0,15,39,0,0,Unknown
1849,73960.0,15,39,0,0,Unknown
1850,74000.0,15,39,0,0,Unknown
1851,74039.99999999999,15,39,0,0,Unknown
1852,74080.0,15,39,0,0,Unknown
1853,74119.99999999999,15,39,0,0,Unknown
1854,74160.0,15,39,0,0,Unknown
1855,74200.0,15,39,0,0,Unknown
1856,74240.0,15,39,0,0,Unknown
1857,74280.0,15,39,0,0,Unknown
1858,74320.0,15,39,0,0,Unknown
1859,74360.0,15,39,0,0,Green
1860,74399.99999999999,15,39,0,0,Green
1861,74440.0,15,39,0,0,Green
1862,74479.99999999999,15,39,0,1,Green
1863,74520.0,15,39,0,1,Green
1864,74560.0,15,39,0,1,Green
1865,74600.0,15,39,0,1,Green
1866,74640.0,15,39,0,1,Green
1867,74679.99999999999,15,39,0,1,Green
1868,74720.0,15,39,0,1,Green
1869,74759.99999999999,15,39,0,1,Green
1870,74800.0,15,39,0,1,Green
1871,74840.0,15,39,0,1,Green
1872,74880.0,15,39,0,1,Green
1873,74920.0,15,39,0,1,Unknown
1874,74960.0,15,39,0,1,Unknown
1875,75000.0,15,39,0,1,Unknown
1876,75039.99999999999,15,39,0,1,Unknown
1877,75080.0,15,39,0,1,Unknown
1878,75119.99999999999,15,39,0,1,Unknown
1879,75160.0,15,39,0,1,Unknown
1880,75200.0,15,39,0,1,Unknown
1881,75240.0,15,39,0,1,Unknown
1882,75280.0,15,39,0,1,Unknown
1883,75320.0,15,39,0,1,Unknown
1884,75360.0,15,39,0,1,Unknown
1885,75399.99999999999,15,39,0,1,Green
1886,75440.0,15,39,0,1,Green
1887,75479.99999999999,15,39,0,1,Green
1888,75520.0,15,39,0,1,Green
1889,75560.0,15,39,0,1,Green
1890,75600.0,15,39,0,1,Green
1891,75640.0,15,39,0,1,Green
1892,75679.99999999999,15,39,0,1,Green
1893,75720.0,15,39,0,1,Green
1894,75759.99999999999,15,39,0,1,Green
1895,75800.0,15,39,1,1,Red
1896,75840.0,15,39,1,1,Red
1897,75880.0,15,39,1,1,Red
1898,75920.0,15,39,1,1,Red
1899,75960.0,15,39,1,1,Red
1900,76000.0,15,39,1,1,Red
1901,76039.99999999999,15,39,1,1,Red
1902,76080.0,15,39,1,1,Red
1903,76119.99999999999,15,39,1,1,Red
1904,76160.0,15,39,1,1,Red
1905,76200.0,15,39,1,1,Red
1906,76240.0,15,39,1,1,Red
1907,76280.0,15,39,1,1,Red
1908,76320.0,16,39,1,1,Green
1909,76360.0,16,39,1,1,Green
1910,76399.99999999999,16,39,1,1,Red
1911,76440.0,16,39,1,1,Red
1912,76479.99999999999,16,39,1,1,Red
1913,76520.0,16,39,1,1,Red
1914,76560.0,16,39,1,1,Red
1915,76600.0,16,39,1,1,Red
1916,76640.0,16,39,1,1,Red
1917,76679.99999999999,16,39,1,1,Red
1918,76720.0,16,39,1,1,Red
1919,76759.99999999999,16,39,1,1,Red
1920,76800.0,16,39,1,1,Red
1921,76840.0,16,39,1,1,Red
1922,76880.0,16,39,1,1,Red
1923,76920.0,16,39,1,1,Red
1924,76960.0,16,39,1,1,Red
1925,77000.0,16,39,1,1,Red
1926,77039.99999999999,16,39,1,1,Red
1927,77080.0,16,39,1,1,Red
1928,77119.99999999999,16,39,1,1,Red
1929,77160.0,16,39,1,1,Red
1930,77200.0,16,39,1,1,Red
1931,77240.0,16,39,1,1,Red
1932,77280.0,16,39,1,1,Red
1933,77320.0,16,39,1,1,Red
1934,77360.0,16,39,1,1,Red
1935,77399.99999999999,16,39,1,1,Red
1936,77440.0,16,39,1,1,Red
1937,77479.99999999999,16,39,1,1,Red
1938,77520.0,16,39,1,1,Red
1939,77560.0,16,39,1,1,Red
1940,77600.0,16,39,1,1,Red
1941,77640.0,16,39,1,1,Red
1942,77679.99999999999,16,39,1,1,Red
1943,77720.0,16,39,1,1,Red
1944,77759.99999999999,16,39,1,1,Red
1945,77800.0,16,39,1,1,Red
1946,77840.0,16,39,1,1,Red
1947,77880.0,16,39,1,1,Red
1948,77920.0,16,39,1,1,Red
1949,77960.0,16,39,1,1,Red
1950,78000.0,16,39,1,1,Red
1951,78039.99999999999,16,39,1,1,Red
1952,78080.0,16,39,1,1,Red
1953,78119.99999999999,16,39,1,1,Red
1954,78160.0,16,39,1,1,Red
1955,78200.0,16,39,1,1,Red
1956,78240.0,16,39,1,1,Red
1957,78280.0,16,39,1,1,Red
1958,78320.0,16,39,1,1,Red
1959,78360.0,16,40,1,1,Red
1960,78399.99999999999,16,40,1,1,Red
1961,78440.0,16,40,1,1,Red
1962,78479.99999999999,16,40,1,1,Red
1963,78520.0,16,40,1,1,Red
1964,78560.0,16,40,1,1,Red
1965,78600.0,16,40,1,1,Red
1966,78640.0,16,40,1,1,Red
1967,78679.99999999999,16,40,1,1,Red
1968,78720.0,16,40,1,1,Red
1969,78759.99999999999,16,40,1,1,Red
1970,78800.0,16,40,1,1,Red
1971,78840.0,16,40,1,1,Red
1972,78880.0,16,40,1,1,Red
1973,78920.0,16,40,1,1,Red
1974,78960.0,16,40,1,1,Red
1975,79000.0,16,40,1,1,Red
1976,79039.99999999999,16,40,1,1,Red
1977,79080.0,16,40,1,1,Red
1978,79119.99999999999,16,40,1,1,Red
1979,79160.0,16,40,1,1,Red
1980,79200.0,16,40,1,1,Red
1981,79240.0,16,40,1,1,Red
1982,79280.0,16,40,1,1,Red
1983,79320.0,16,40,1,1,Red
1984,79360.0,16,40,1,1,Red
1985,79399.99999999999,16,41,1,1,Red
1986,79440.0,16,41,1,1,Red
1987,79479.99999999999,16,41,1,1,Red
1988,79520.0,16,41,1,1,Red
1989,79560.0,16,41,1,1,Red
1990,79600.0,16,41,1,1,Red
1991,79640.0,16,41,1,1,Red
1992,79679.99999999999,16,41,1,1,Red
1993,79720.0,16,41,1,1,Red
1994,79759.99999999999,16,41,1,1,Red
1995,79800.0,16,41,1,1,Red
1996,79840.0,16,41,1,1,Red
1997,79880.0,16,41,1,1,Red
1998,79920.0,16,41,1,1,Red
1999,79960.0,16,41,1,1,Red
2000,80000.0,16,41,1,1,Red
2001,80039.99999999999,16,41,1,1,Red
2002,80080.0,16,41,1,1,Red
2003,80119.99999999999,16,41,1,1,Red
2004,80160.0,16,41,1,1,Red
2005,80200.0,16,41,1,1,Red
2006,80240.0,16,41,1,1,Red
2007,80280.0,16,41,1,1,Red
2008,80320.0,16,41,1,1,Red
2009,80360.0,16,41,1,1,Red
2010,80399.99999999999,16,41,1,1,Red
2011,80440.0,16,41,1,1,Red
2012,80479.99999999999,16,41,1,1,Red
2013,80520.0,16,41,1,1,Red
2014,80560.0,16,41,1,1,Red
2015,80600.0,16,41,1,1,Red
2016,80640.0,16,41,1,1,Red
2017,80679.99999999999,16,41,1,1,Red
2018,80720.0,16,41,1,1,Red
2019,80759.99999999999,16,41,1,1,Red
2020,80800.0,16,41,1,1,Red
2021,80840.0,16,41,1,1,Red
2022,80880.0,16,41,1,1,Red
2023,80920.0,16,41,1,1,Red
2024,80960.0,16,41,1,1,Red
2025,81000.0,16,41,1,1,Red
2026,81039.99999999999,16,41,1,1,Red
2027,81080.0,16,41,1,1,Red
2028,81119.99999999999,16,41,1,1,Red
2029,81160.0,16,41,1,1,Red
2030,81200.0,16,41,1,1,Red
2031,81240.0,16,41,1,1,Red
2032,81280.0,16,41,1,1,Red
2033,81320.0,16,41,1,1,Red
2034,81360.0,16,41,1,1,Red
2035,81399.99999999999,16,41,1,1,Red
2036,81440.0,16,41,1,1,Red
2037,81479.99999999999,16,41,1,1,Red
2038,81520.0,16,41,1,1,Red
2039,81560.0,16,41,1,1,Red
2040,81600.0,16,41,1,1,Red
2041,81640.0,16,42,1,1,Red
2042,81679.99999999999,16,42,1,1,Red
2043,81720.0,16,42,1,1,Red
2044,81759.99999999999,16,42,1,1,Red
2045,81800.0,16,42,1,1,Red
2046,81839.99999999999,16,42,1,1,Red
2047,81880.0,16,42,1,1,Red
2048,81920.0,16,42,1,1,Red
2049,81960.0,16,42,1,1,Red
2050,82000.0,16,42,1,1,Red
2051,82039.99999999999,16,42,1,1,Unknown
2052,82080.0,16,42,1,1,Red
2053,82119.99999999999,16,42,1,1,Red
2054,82160.0,16,43,1,1,Red
2055,82200.0,16,44,1,1,Red
2056,82240.0,16,44,1,1,Red
2057,82280.0,16,44,1,1,Red
2058,82320.0,16,44,1,1,Red
2059,82360.0,16,44,1,1,Red
2060,82399.99999999999,16,44,1,1,Red
2061,82440.0,16,44,1,1,Red
2062,82479.99999999999,16,44,1,1,Red
2063,82520.0,16,44,1,1,Red
2064,82560.0,16,44,1,1,Red
2065,82600.0,16,44,1,1,Red
2066,82640.0,16,44,1,1,Red
2067,82679.99999999999,16,44,1,1,Red
2068,82720.0,16,44,1,1,Red
2069,82759.99999999999,16,44,1,1,Red
2070,82800.0,16,44,1,1,Red
2071,82839.99999999999,16,44,1,1,Red
2072,82880.0,16,44,1,1,Red
2073,82920.0,16,44,1,1,Red
2074,82960.0,16,44,1,1,Red
2075,83000.0,16,44,1,1,Red
2076,83039.99999999999,16,44,1,1,Red
2077,83080.0,16,44,1,1,Red
2078,83119.99999999999,16,44,1,1,Red
2079,83160.0,16,44,1,1,Red
2080,83200.0,16,44,1,1,Red
2081,83240.0,16,44,1,1,Red
2082,83280.0,16,44,1,1,Red
2083,83320.0,16,44,1,1,Red
2084,83360.0,16,44,1,1,Red
2085,83399.99999999999,16,44,1,1,Red
2086,83440.0,16,44,1,1,Red
2087,83479.99999999999,16,44,1,1,Red
2088,83520.0,16,44,1,1,Red
2089,83560.0,16,44,1,1,Red
2090,83600.0,16,44,1,1,Red
2091,83640.0,16,44,1,1,Red
2092,83679.99999999999,16,44,1,1,Red
2093,83720.0,16,44,1,1,Red
2094,83759.99999999999,16,44,1,1,Red
2095,83800.0,16,44,1,1,Red
2096,83839.99999999999,16,44,1,1,Red
2097,83880.0,16,44,1,1,Red
2098,83920.0,16,44,1,1,Red
2099,83960.0,16,44,1,1,Red
2100,84000.0,16,44,1,1,Red
2101,84039.99999999999,16,44,1,1,Red
2102,84080.0,16,44,1,1,Red
2103,84119.99999999999,16,44,1,1,Red
2104,84160.0,16,44,1,1,Red
2105,84200.0,16,44,1,1,Red
2106,84240.0,16,45,1,1,Red
2107,84280.0,16,45,1,1,Red
2108,84320.0,16,45,1,1,Red
2109,84360.0,16,45,1,1,Red
2110,84399.99999999999,16,45,1,1,Red
2111,84440.0,16,45,1,1,Red
2112,84479.99999999999,16,45,1,1,Red
2113,84520.0,16,45,1,1,Red
2114,84560.0,16,45,1,1,Green
2115,84600.0,16,45,1,1,Red
2116,84640.0,16,45,1,1,Red
2117,84679.99999999999,16,45,1,1,Red
2118,84720.0,16,45,1,1,Red
2119,84759.99999999999,16,45,1,1,Red
2120,84800.0,16,45,1,1,Red
2121,84839.99999999999,16,45,1,1,Red
2122,84880.0,16,45,1,1,Red
2123,84920.0,16,45,1,1,Red
2124,84960.0,16,45,1,1,Red
2125,85000.0,16,45,1,1,Red
2126,85039.99999999999,16,45,1,1,Red
2127,85080.0,16,45,1,1,Red
2128,85119.99999999999,16,45,1,1,Red
2129,85160.0,16,45,1,1,Red
2130,85200.0,16,45,1,1,Red
2131,85240.0,16,45,1,1,Red
2132,85280.0,16,45,1,1,Red
2133,85320.0,16,45,1,1,Red
2134,85360.0,16,45,1,1,Red
2135,85399.99999999999,16,45,1,1,Red
2136,85440.0,16,45,1,1,Red
2137,85479.99999999999,16,45,1,1,Red
2138,85520.0,16,45,1,1,Red
2139,85560.0,16,45,1,1,Red
2140,85600.0,16,45,1,1,Red
2141,85640.0,16,45,1,1,Red
2142,85679.99999999999,16,45,1,1,Red
2143,85720.0,16,45,1,1,Red
2144,85759.99999999999,16,45,1,1,Red
2145,85800.0,16,45,1,1,Red
2146,85839.99999999999,16,45,1,1,Red
2147,85880.0,16,45,1,1,Red
2148,85920.0,16,45,1,1,Red
2149,85960.0,16,45,1,1,Red
2150,86000.0,16,45,1,1,Red
2151,86039.99999999999,16,45,1,1,Red
2152,86080.0,16,45,1,1,Red
2153,86119.99999999999,16,45,1,1,Red
2154,86160.0,16,45,1,1,Red
2155,86200.0,16,45,1,1,Red
2156,86240.0,16,45,1,1,Red
2157,86280.0,16,46,1,1,Red
2158,86320.0,16,46,1,1,Red
2159,86360.0,16,46,1,1,Red
2160,86399.99999999999,16,46,1,1,Red
2161,86440.0,16,46,1,1,Red
2162,86479.99999999999,16,46,1,1,Red
2163,86520.0,16,46,1,1,Red
2164,86560.0,16,46,1,1,Red
2165,86600.0,16,46,1,1,Red
2166,86640.0,16,46,1,1,Red
2167,86679.99999999999,16,46,1,1,Red
2168,86720.0,16,46,1,1,Red
2169,86759.99999999999,16,46,1,1,Red
2170,86800.0,16,46,1,1,Red
2171,86839.99999999999,16,46,1,1,Red
2172,86880.0,16,46,1,1,Red
2173,86920.0,16,46,1,1,Red
2174,86960.0,16,46,1,1,Red
2175,87000.0,16,46,1,1,Red
2176,87039.99999999999,16,46,1,1,Red
2177,87080.0,16,46,1,1,Red
2178,87119.99999999999,16,46,1,1,Red
2179,87160.0,16,46,1,1,Red
2180,87200.0,16,46,1,1,Red
2181,87240.0,16,46,1,1,Red
2182,87280.0,16,46,1,1,Red
2183,87320.0,16,46,1,1,Red
2184,87360.0,16,46,1,1,Red
2185,87399.99999999999,16,46,1,1,Red
2186,87440.0,16,46,1,1,Red
2187,87479.99999999999,16,46,1,1,Red
2188,87520.0,16,46,1,1,Red
2189,87560.0,16,46,1,1,Red
2190,87600.0,16,46,1,1,Red
2191,87640.0,16,46,1,1,Red
2192,87679.99999999999,16,46,1,1,Red
2193,87720.0,16,46,1,1,Red
2194,87759.99999999999,16,46,1,1,Red
2195,87800.0,16,46,1,1,Red
2196,87839.99999999999,16,46,1,1,Red
2197,87880.0,16,46,1,1,Red
2198,87920.0,16,46,1,1,Red
2199,87960.0,16,46,1,1,Red
2200,88000.0,16,46,1,1,Red
2201,88039.99999999999,16,46,1,1,Red
2202,88080.0,16,46,1,1,Red
2203,88119.99999999999,16,46,1,1,Red
2204,88160.0,16,46,1,1,Red
2205,88200.0,16,46,1,1,Red
2206,88240.0,16,46,1,1,Red
2207,88280.0,16,46,1,1,Red
2208,88320.0,16,46,1,1,Red
2209,88360.0,16,46,1,1,Red
2210,88399.99999999999,16,46,1,1,Red
2211,88440.0,16,47,1,1,Red
2212,88479.99999999999,16,47,1,1,Red
2213,88520.0,16,47,1,1,Red
2214,88560.0,16,47,1,1,Red
2215,88600.0,16,47,1,1,Red
2216,88640.0,16,47,1,1,Red
2217,88679.99999999999,16,47,1,1,Red
2218,88720.0,16,47,1,1,Red
2219,88759.99999999999,16,47,1,1,Red
2220,88800.0,16,47,1,1,Red
2221,88839.99999999999,16,47,1,1,Red
2222,88880.0,16,47,1,1,Red
2223,88920.0,16,47,1,1,Red
2224,88960.0,16,47,1,1,Red
2225,89000.0,16,47,1,1,Red
2226,89039.99999999999,16,47,1,1,Red
2227,89080.0,16,47,1,1,Red
2228,89119.99999999999,16,47,1,1,Red
2229,89160.0,16,47,1,1,Red
2230,89200.0,16,47,1,1,Red
2231,89240.0,16,47,1,1,Red
2232,89280.0,16,48,1,1,Red
2233,89320.0,16,48,1,1,Red
2234,89360.0,16,48,1,1,Red
2235,89399.99999999999,16,48,1,1,Red
2236,89440.0,16,48,1,1,Red
2237,89479.99999999999,16,48,1,1,Red
2238,89520.0,16,48,1,1,Red
2239,89560.0,16,48,1,1,Red
2240,89600.0,16,48,1,1,Red
2241,89640.0,16,48,1,1,Red
2242,89679.99999999999,16,48,1,1,Red
2243,89720.0,16,48,1,1,Red
2244,89759.99999999999,16,48,1,1,Red
2245,89800.0,16,49,1,1,Red
2246,89839.99999999999,16,49,1,1,Red
2247,89880.0,16,49,1,1,Red
2248,89920.0,16,49,1,1,Red
2249,89960.0,16,49,1,1,Red
2250,90000.0,16,49,1,1,Red
2251,90039.99999999999,16,49,1,1,Red
2252,90080.0,16,49,1,1,Red
2253,90119.99999999999,16,49,1,1,Red
2254,90160.0,16,49,1,1,Red
2255,90200.0,16,49,1,1,Red
2256,90240.0,16,49,1,1,Red
2257,90280.0,16,49,1,1,Red
2258,90320.0,16,49,1,1,Red
2259,90360.0,16,49,1,1,Red
2260,90399.99999999999,16,49,1,1,Red
2261,90440.0,16,49,1,1,Red
2262,90479.99999999999,16,49,1,1,Red
2263,90520.0,16,49,1,1,Red
2264,90560.0,16,49,1,1,Red
2265,90600.0,16,49,1,1,Red
2266,90640.0,16,49,1,1,Red
2267,90679.99999999999,16,49,1,1,Red
2268,90720.0,16,49,1,1,Red
2269,90759.99999999999,16,49,1,1,Red
2270,90800.0,16,49,1,1,Red
2271,90839.99999999999,16,49,1,1,Red
2272,90880.0,16,49,1,1,Red
2273,90920.0,16,49,1,1,Red
2274,90960.0,16,49,1,1,Red
2275,91000.0,16,49,1,1,Red
2276,91039.99999999999,16,49,1,1,Red
2277,91080.0,16,49,1,1,Red
2278,91119.99999999999,16,49,1,1,Red
2279,91160.0,16,49,1,1,Red
2280,91200.0,16,50,1,1,Red
2281,91240.0,16,50,1,1,Red
2282,91280.0,16,50,1,1,Red
2283,91320.0,16,50,1,1,Red
2284,91360.0,16,50,1,1,Red
2285,91399.99999999999,16,50,1,1,Red
2286,91440.0,16,50,1,1,Red
2287,91479.99999999999,16,50,1,1,Red
2288,91520.0,16,50,1,1,Red
2289,91560.0,16,50,1,1,Red
2290,91600.0,16,50,1,1,Red
2291,91640.0,16,50,1,1,Red
2292,91679.99999999999,16,50,1,1,Red
2293,91720.0,16,50,1,1,Red
2294,91759.99999999999,16,50,1,1,Red
2295,91800.0,16,50,1,1,Red
2296,91839.99999999999,16,50,1,1,Red
2297,91880.0,16,50,1,1,Red
2298,91920.0,16,50,1,1,Red
2299,91960.0,16,50,1,1,Red
2300,92000.0,16,50,1,1,Red
2301,92039.99999999999,16,50,1,1,Red
2302,92080.0,16,50,1,1,Red
2303,92119.99999999999,16,50,1,1,Red
2304,92160.0,16,50,1,1,Red
2305,92200.0,16,50,1,1,Red
2306,92240.0,16,50,1,1,Red
2307,92280.0,16,50,1,1,Red
2308,92320.0,16,50,1,1,Red
2309,92360.0,16,50,1,1,Red
2310,92399.99999999999,16,50,1,1,Red
2311,92440.0,16,50,1,1,Red
2312,92479.99999999999,16,50,1,1,Red
2313,92520.0,16,50,1,1,Red
2314,92560.0,16,50,1,1,Red
2315,92600.0,16,50,1,1,Red
2316,92640.0,16,50,1,1,Red
2317,92679.99999999999,16,50,1,1,Red
2318,92720.0,16,51,1,1,Red
2319,92759.99999999999,16,51,1,1,Red
2320,92800.0,16,51,1,1,Red
2321,92839.99999999999,16,51,1,1,Red
2322,92880.0,16,52,1,1,Red
2323,92920.0,16,52,1,1,Red
2324,92960.0,16,52,1,1,Red
2325,93000.0,16,52,1,1,Red
2326,93039.99999999999,16,52,1,1,Red
2327,93080.0,16,52,1,1,Red
2328,93119.99999999999,16,52,1,1,Red
2329,93160.0,16,52,1,1,Red
2330,93200.0,16,52,1,1,Red
2331,93240.0,16,52,1,1,Red
2332,93280.0,16,52,1,1,Red
2333,93320.0,16,52,1,1,Red
2334,93360.0,16,52,1,1,Red
2335,93399.99999999999,16,52,1,1,Red
2336,93440.0,16,52,1,1,Red
2337,93479.99999999999,16,52,1,1,Red
2338,93520.0,16,52,1,1,Red
2339,93560.0,16,52,1,1,Red
2340,93600.0,16,52,1,1,Red
2341,93640.0,16,52,1,1,Red
2342,93679.99999999999,16,52,1,1,Red
2343,93720.0,16,52,1,1,Red
2344,93759.99999999999,16,52,1,1,Red
2345,93800.0,16,52,1,1,Red
2346,93839.99999999999,16,52,1,1,Red
2347,93880.0,16,52,1,1,Red
2348,93920.0,16,52,1,1,Red
2349,93960.0,16,52,1,1,Red
2350,94000.0,16,52,1,1,Red
2351,94039.99999999999,16,52,1,1,Red
2352,94080.0,16,52,1,1,Red
2353,94119.99999999999,16,52,1,1,Red
2354,94160.0,16,52,1,1,Red
2355,94200.0,16,52,1,1,Red
2356,94240.0,16,53,1,1,Red
2357,94280.0,16,53,1,1,Red
2358,94320.0,16,53,1,1,Red
2359,94360.0,16,53,1,1,Red
2360,94399.99999999999,16,53,1,1,Red
2361,94440.0,16,53,1,1,Red
2362,94479.99999999999,16,53,1,1,Red
2363,94520.0,16,53,1,1,Red
2364,94560.0,16,53,1,1,Red
2365,94600.0,16,53,1,1,Red
2366,94640.0,16,53,1,1,Red
2367,94679.99999999999,16,53,1,1,Red
2368,94720.0,16,53,1,1,Red
2369,94759.99999999999,16,53,1,1,Red
2370,94800.0,16,53,1,1,Red
2371,94839.99999999999,16,53,1,1,Red
2372,94880.0,16,53,1,1,Red
2373,94920.0,16,53,1,1,Red
2374,94960.0,16,53,1,1,Red
2375,95000.0,16,53,1,1,Red
2376,95039.99999999999,16,53,1,1,Red
2377,95080.0,16,53,1,1,Red
2378,95119.99999999999,16,53,1,1,Red
2379,95160.0,16,53,1,1,Red
2380,95199.99999999999,16,53,1,1,Red
2381,95240.0,16,53,1,1,Red
2382,95280.0,16,53,1,1,Red
2383,95320.0,16,53,1,1,Red
2384,95360.0,16,53,1,1,Red
2385,95399.99999999999,16,53,1,1,Red
2386,95440.0,16,53,1,1,Red
2387,95479.99999999999,16,53,1,1,Red
2388,95520.0,16,53,1,1,Red
2389,95560.0,16,53,1,1,Red
2390,95600.0,16,54,1,1,Red
2391,95640.0,16,54,1,1,Red
2392,95679.99999999999,16,54,1,1,Red
2393,95720.0,16,54,1,1,Red
2394,95759.99999999999,16,54,1,1,Red
2395,95800.0,16,54,1,1,Red
2396,95839.99999999999,16,54,1,1,Red
2397,95880.0,16,54,1,1,Red
2398,95920.0,16,54,1,1,Red
2399,95960.0,16,54,1,1,Red
2400,96000.0,16,54,1,1,Red
2401,96039.99999999999,16,54,1,1,Red
2402,96080.0,16,54,1,1,Red
2403,96119.99999999999,16,54,1,1,Red
2404,96160.0,16,54,1,1,Red
2405,96199.99999999999,16,54,1,1,Red
2406,96240.0,16,54,1,1,Red
2407,96280.0,16,54,1,1,Red
2408,96320.0,16,54,1,1,Red
2409,96360.0,16,54,1,1,Red
2410,96399.99999999999,16,54,1,1,Red
2411,96440.0,16,54,1,1,Red
2412,96479.99999999999,16,54,1,1,Red
2413,96520.0,16,54,1,1,Red
2414,96560.0,16,54,1,1,Red
2415,96600.0,16,54,1,1,Red
2416,96640.0,16,54,1,1,Red
2417,96679.99999999999,16,54,1,1,Red
2418,96720.0,16,54,1,1,Red
2419,96759.99999999999,16,54,1,1,Red
2420,96800.0,16,54,1,1,Red
2421,96839.99999999999,16,54,1,1,Red
2422,96880.0,16,54,1,1,Red
2423,96920.0,16,54,1,1,Red
2424,96960.0,16,54,1,1,Red
2425,97000.0,16,54,1,1,Red
2426,97039.99999999999,16,54,1,1,Red
2427,97080.0,16,54,1,1,Red
2428,97119.99999999999,16,54,1,1,Red
2429,97160.0,16,54,1,1,Red
2430,97199.99999999999,16,54,1,1,Red
2431,97240.0,16,54,1,1,Red
2432,97280.0,16,54,1,1,Red
2433,97320.0,16,54,1,1,Red
2434,97360.0,16,54,1,1,Red
2435,97399.99999999999,16,54,1,1,Red
2436,97440.0,16,54,1,1,Red
2437,97479.99999999999,16,54,1,1,Red
2438,97520.0,16,54,1,1,Red
2439,97560.0,16,54,1,1,Red
2440,97600.0,16,54,1,1,Red
2441,97640.0,16,54,1,1,Red
2442,97679.99999999999,16,54,1,1,Red
2443,97720.0,16,54,1,1,Red
2444,97759.99999999999,16,54,1,1,Red
2445,97800.0,16,54,1,1,Red
2446,97839.99999999999,16,54,1,1,Red
2447,97880.0,16,54,1,1,Red
2448,97920.0,16,54,1,1,Red
2449,97960.0,16,54,1,1,Red
2450,98000.0,16,54,1,1,Red
2451,98039.99999999999,16,54,1,1,Red
2452,98080.0,16,54,1,1,Red
2453,98119.99999999999,16,54,1,1,Red
2454,98160.0,16,54,1,1,Red
2455,98199.99999999999,16,54,1,1,Red
2456,98240.0,16,54,1,1,Red
2457,98280.0,16,54,1,1,Red
2458,98320.0,16,54,1,1,Red
2459,98360.0,16,54,1,1,Red
2460,98399.99999999999,16,54,1,1,Red
2461,98440.0,16,54,1,1,Red
2462,98479.99999999999,16,54,1,1,Red
2463,98520.0,16,54,1,1,Red
2464,98560.0,16,54,1,1,Red
2465,98600.0,16,54,1,1,Red
2466,98640.0,16,54,1,1,Red
2467,98679.99999999999,16,54,1,1,Red
2468,98720.0,16,55,1,1,Red
2469,98759.99999999999,16,55,1,1,Red
2470,98800.0,16,55,1,1,Red
2471,98839.99999999999,16,55,1,1,Red
2472,98880.0,16,55,1,1,Red
2473,98920.0,16,55,1,1,Red
2474,98960.0,16,55,1,1,Red
2475,99000.0,16,55,1,1,Red
2476,99039.99999999999,16,55,1,1,Red
2477,99080.0,16,55,1,1,Red
2478,99119.99999999999,16,55,1,1,Red
2479,99160.0,16,55,1,1,Red
2480,99199.99999999999,16,55,1,1,Red
2481,99240.0,16,55,1,1,Red
2482,99280.0,16,55,1,1,Red
2483,99320.0,16,55,1,1,Red
2484,99360.0,16,55,1,1,Red
2485,99399.99999999999,16,55,1,1,Red
2486,99440.0,16,55,1,1,Red
2487,99479.99999999999,16,55,1,1,Red
2488,99520.0,16,55,1,1,Red
2489,99560.0,16,55,1,1,Red
2490,99600.0,16,55,1,1,Red
2491,99640.0,16,55,1,1,Red
2492,99679.99999999999,16,55,1,1,Red
2493,99720.0,16,55,1,1,Red
2494,99759.99999999999,16,55,1,1,Red
2495,99800.0,16,55,1,1,Red
2496,99839.99999999999,16,55,1,1,Red
2497,99880.0,16,56,1,1,Red
2498,99920.0,16,56,1,1,Red
2499,99960.0,16,56,1,1,Red
2500,100000.0,16,56,1,1,Red
2501,100039.99999999999,16,56,1,1,Red
2502,100080.0,16,56,1,1,Red
2503,100119.99999999999,16,56,1,1,Red
2504,100160.0,16,56,1,1,Red
2505,100199.99999999999,16,56,1,1,Red
2506,100240.0,16,56,1,1,Red
2507,100280.0,16,56,1,1,Red
2508,100320.0,16,56,1,1,Red
2509,100360.0,16,56,1,1,Red
2510,100399.99999999999,16,56,1,1,Red
2511,100440.0,16,56,1,1,Red
2512,100479.99999999999,16,56,1,1,Red
2513,100520.0,16,56,1,1,Red
2514,100560.0,16,56,1,1,Red
2515,100600.0,16,56,1,1,Red
2516,100640.0,16,56,1,1,Red
2517,100679.99999999999,16,56,1,1,Red
2518,100720.0,16,56,1,1,Red
2519,100759.99999999999,16,56,1,1,Red
2520,100800.0,16,56,1,1,Red
2521,100839.99999999999,16,56,1,1,Red
2522,100880.0,16,57,1,1,Red
2523,100920.0,16,57,1,1,Red
2524,100960.0,16,57,1,1,Red
2525,101000.0,16,57,1,1,Red
2526,101039.99999999999,16,57,1,1,Red
2527,101080.0,16,57,1,1,Red
2528,101119.99999999999,16,57,1,1,Red
2529,101160.0,16,57,1,1,Red
2530,101199.99999999999,16,57,1,1,Red
2531,101240.0,16,57,1,1,Red
2532,101280.0,16,57,1,1,Red
2533,101320.0,16,57,1,1,Red
2534,101360.0,16,57,1,1,Red
2535,101399.99999999999,16,57,1,1,Red
2536,101440.0,16,57,1,1,Red
2537,101479.99999999999,16,58,1,1,Red
2538,101520.0,16,58,1,1,Red
2539,101560.0,16,58,1,1,Red
2540,101600.0,16,58,1,1,Red
2541,101640.0,16,58,1,1,Red
2542,101679.99999999999,16,58,1,1,Red
2543,101720.0,16,58,1,1,Red
2544,101759.99999999999,16,58,1,1,Red
2545,101800.0,16,58,1,1,Red
2546,101839.99999999999,16,58,1,1,Red
2547,101880.0,16,58,1,1,Red
2548,101920.0,16,58,1,1,Red
2549,101960.0,16,58,1,1,Red
2550,102000.0,16,58,1,1,Red
2551,102039.99999999999,16,58,1,1,Red
2552,102080.0,16,58,1,1,Red
2553,102119.99999999999,16,58,1,1,Red
2554,102160.0,16,58,1,1,Red
2555,102199.99999999999,16,58,1,1,Red
2556,102240.0,16,58,1,1,Red
2557,102280.0,16,58,1,1,Red
2558,102320.0,16,58,1,1,Red
2559,102440.0,16,58,1,1,Red
